{"dirs": [{"bus_factor": [{"knowledge": 93.33, "author": "Javi"}], "type": "dir", "name": "css/jQWidgets/images/darkness/", "branch": "gh-pages"}, {"bus_factor": [{"knowledge": 93.94, "author": "Belen"}], "type": "dir", "name": "web-server/labelAnalysisServer/", "branch": "master"}, {"bus_factor": [{"knowledge": 96.2, "author": "Javi"}], "type": "dir", "name": "css/jQWidgets/", "branch": "gh-pages"}, {"bus_factor": [{"knowledge": 100.0, "author": "Belen"}], "type": "dir", "name": "web-server/labelAnalysisServer/src/fr/inria/atlanmod/labelanalysis/data/", "branch": "master"}, {"bus_factor": [{"knowledge": 100.0, "author": "Javi"}], "type": "dir", "name": "js/bootstrap/", "branch": "gh-pages"}, {"bus_factor": [{"knowledge": 76.23, "author": "Javi"}], "type": "dir", "name": "js/", "branch": "gh-pages"}, {"bus_factor": [{"knowledge": 90.8, "author": "Belen"}], "type": "dir", "name": "web-server/labelAnalysisServer/src/fr/", "branch": "master"}, {"bus_factor": [{"knowledge": 100.0, "author": "Javi"}], "type": "dir", "name": "js/sigma.js/", "branch": "gh-pages"}, {"bus_factor": [{"knowledge": 100.0, "author": "Belen"}], "type": "dir", "name": "web-server/labelAnalysisServer/web/WEB-INF/lib/", "branch": "master"}, {"bus_factor": [{"knowledge": 92.86, "author": "Javi"}], "type": "dir", "name": "css/jQWidgets/images/smoothness/", "branch": "gh-pages"}, {"bus_factor": [{"knowledge": 96.56, "author": "Javi"}], "type": "dir", "name": "css/jQWidgets/images/", "branch": "gh-pages"}, {"bus_factor": [{"knowledge": 90.8, "author": "Belen"}], "type": "dir", "name": "web-server/labelAnalysisServer/src/fr/inria/atlanmod/labelanalysis/", "branch": "master"}, {"bus_factor": [{"knowledge": 100.0, "author": "Javi"}], "type": "dir", "name": "css/foundation/", "branch": "gh-pages"}, {"bus_factor": [{"knowledge": 94.12, "author": "Javi"}], "type": "dir", "name": "css/jQWidgets/images/sunny/", "branch": "gh-pages"}, {"bus_factor": [{"knowledge": 100.0, "author": "Javi"}], "type": "dir", "name": "css/bootstrap/", "branch": "gh-pages"}, {"bus_factor": [{"knowledge": 100.0, "author": "Belen"}], "type": "dir", "name": "web-server/labelAnalysisServer/web/WEB-INF/", "branch": "master"}, {"bus_factor": [{"knowledge": 100.0, "author": "Belen"}], "type": "dir", "name": "js/jQWidgets/", "branch": "gh-pages"}, {"bus_factor": [{"knowledge": 90.8, "author": "Belen"}], "type": "dir", "name": "web-server/labelAnalysisServer/src/", "branch": "master"}, {"bus_factor": [{"knowledge": 100.0, "author": "Javi"}], "type": "dir", "name": "js/foundation/", "branch": "gh-pages"}, {"bus_factor": [{"knowledge": 65.79, "author": "Javi"}], "type": "dir", "name": "database/", "branch": "master"}, {"bus_factor": [{"knowledge": 73.77, "author": "Javi"}], "type": "dir", "name": "database/old-scripts/", "branch": "master"}, {"bus_factor": [{"knowledge": 94.12, "author": "Javi"}], "type": "dir", "name": "css/jQWidgets/images/start/", "branch": "gh-pages"}, {"bus_factor": [{"knowledge": 93.33, "author": "Javi"}], "type": "dir", "name": "css/jQWidgets/images/overcast/", "branch": "gh-pages"}, {"bus_factor": [{"knowledge": 100.0, "author": "Belen"}], "type": "dir", "name": "web-server/labelAnalysisServer/src/fr/inria/atlanmod/labelanalysis/model/", "branch": "master"}, {"bus_factor": [{"knowledge": 90.8, "author": "Belen"}], "type": "dir", "name": "web-server/labelAnalysisServer/src/fr/inria/", "branch": "master"}, {"bus_factor": [{"knowledge": 46.43, "author": "Belen"}, {"knowledge": 42.86, "author": "Javi"}], "type": "dir", "name": "imgs/", "branch": "gh-pages"}, {"bus_factor": [{"knowledge": 94.12, "author": "Javi"}], "type": "dir", "name": "css/jQWidgets/images/lightness/", "branch": "gh-pages"}, {"bus_factor": [{"knowledge": 93.18, "author": "Belen"}], "type": "dir", "name": "web-server/labelAnalysisServer/web/", "branch": "master"}, {"bus_factor": [{"knowledge": 100.0, "author": "Belen"}], "type": "dir", "name": "web-server/labelAnalysisServer/labelAnalysisServer/", "branch": "master"}, {"bus_factor": [{"knowledge": 93.94, "author": "Belen"}], "type": "dir", "name": "web-server/", "branch": "master"}, {"bus_factor": [{"knowledge": 100.0, "author": "Valerio"}], "type": "dir", "name": "jquery-sticky-notes/script/", "branch": "gh-pages"}, {"bus_factor": [{"knowledge": 94.44, "author": "Javi"}], "type": "dir", "name": "css/jQWidgets/images/redmond/", "branch": "gh-pages"}, {"bus_factor": [{"knowledge": 92.86, "author": "Javi"}], "type": "dir", "name": "css/jQWidgets/images/le-frog/", "branch": "gh-pages"}, {"bus_factor": [{"knowledge": 100.0, "author": "Valerio"}], "type": "dir", "name": "database/current-scripts/", "branch": "master"}, {"bus_factor": [{"knowledge": 100.0, "author": "Javi"}], "type": "dir", "name": "js/vendor/", "branch": "gh-pages"}, {"bus_factor": [{"knowledge": 96.08, "author": "Javi"}], "type": "dir", "name": "css/", "branch": "gh-pages"}, {"bus_factor": [{"knowledge": 100.0, "author": "Valerio"}], "type": "dir", "name": "jquery-sticky-notes/css/", "branch": "gh-pages"}, {"bus_factor": [{"knowledge": 100.0, "author": "Valerio"}], "type": "dir", "name": "jquery-sticky-notes/images/", "branch": "gh-pages"}, {"bus_factor": [{"knowledge": 83.33, "author": "Javi"}], "type": "dir", "name": "css/jQWidgets/images/colorpicker/", "branch": "gh-pages"}, {"bus_factor": [{"knowledge": 100.0, "author": "Valerio"}], "type": "dir", "name": "jquery-sticky-notes/", "branch": "gh-pages"}, {"bus_factor": [{"knowledge": 100.0, "author": "Belen"}], "type": "dir", "name": "web-server/labelAnalysisServer/web/data/", "branch": "master"}, {"bus_factor": [{"knowledge": 100.0, "author": "Belen"}], "type": "dir", "name": "web-server/labelAnalysisServer/web/META-INF/", "branch": "master"}, {"bus_factor": [{"knowledge": 68.82, "author": "Belen"}], "type": "dir", "name": "repository_root", "branch": "gh-pages"}, {"bus_factor": [{"knowledge": 90.8, "author": "Belen"}], "type": "dir", "name": "web-server/labelAnalysisServer/src/fr/inria/atlanmod/", "branch": "master"}, {"bus_factor": [{"knowledge": 100.0, "author": "Belen"}], "type": "dir", "name": "web-server/labelAnalysisServer/.settings/", "branch": "master"}, {"bus_factor": [{"knowledge": 56.25, "author": "Belen"}, {"knowledge": 43.75, "author": "Valerio"}], "type": "dir", "name": "web-server/labelAnalysisServer/src/fr/inria/atlanmod/labelanalysis/servlets/", "branch": "master"}, {"bus_factor": [{"knowledge": 100.0, "author": "Valerio"}], "type": "dir", "name": "database/current-scripts/python/", "branch": "master"}]}
