{"exts": [{"type": "ext", "name": "map", "bus_factor": [{"knowledge": 100.0, "author": "Javi"}]}, {"type": "ext", "name": "gitignore", "bus_factor": [{"knowledge": 100.0, "author": "Belen"}]}, {"type": "ext", "name": "jar", "bus_factor": [{"knowledge": 100.0, "author": "Belen"}]}, {"type": "ext", "name": "component", "bus_factor": [{"knowledge": 100.0, "author": "Belen"}]}, {"type": "ext", "name": "jpg", "bus_factor": [{"knowledge": 100.0, "author": "Belen"}]}, {"type": "ext", "name": "js", "bus_factor": [{"knowledge": 72.01, "author": "Javi"}]}, {"type": "ext", "name": "mf", "bus_factor": [{"knowledge": 100.0, "author": "Belen"}]}, {"type": "ext", "name": "sql", "bus_factor": [{"knowledge": 68.46, "author": "Javi"}]}, {"type": "ext", "name": "java", "bus_factor": [{"knowledge": 90.8, "author": "Belen"}]}, {"type": "ext", "name": "txt", "bus_factor": [{"knowledge": 83.33, "author": "Belen"}]}, {"type": "ext", "name": "png", "bus_factor": [{"knowledge": 94.85, "author": "Javi"}]}, {"type": "ext", "name": "orig", "bus_factor": [{"knowledge": 100.0, "author": "Javi"}]}, {"type": "ext", "name": "xml", "bus_factor": [{"knowledge": 100.0, "author": "Belen"}]}, {"type": "ext", "name": "md", "bus_factor": [{"knowledge": 100.0, "author": "Belen"}]}, {"type": "ext", "name": "csv", "bus_factor": [{"knowledge": 100.0, "author": "Belen"}]}, {"type": "ext", "name": "container", "bus_factor": [{"knowledge": 100.0, "author": "Belen"}]}, {"type": "ext", "name": "name", "bus_factor": [{"knowledge": 100.0, "author": "Belen"}]}, {"type": "ext", "name": "svg", "bus_factor": [{"knowledge": 100.0, "author": "Javi"}]}, {"type": "ext", "name": "py", "bus_factor": [{"knowledge": 100.0, "author": "Valerio"}]}, {"type": "ext", "name": "classpath", "bus_factor": [{"knowledge": 62.5, "author": "Belen"}, {"knowledge": 37.5, "author": "Javi"}]}, {"type": "ext", "name": "jsdtscope", "bus_factor": [{"knowledge": 100.0, "author": "Belen"}]}, {"type": "ext", "name": "project", "bus_factor": [{"knowledge": 100.0, "author": "Belen"}]}, {"type": "ext", "name": "gif", "bus_factor": [{"knowledge": 75.0, "author": "Javi"}]}, {"type": "ext", "name": "html", "bus_factor": [{"knowledge": 49.5, "author": "Belen"}, {"knowledge": 30.89, "author": "Javi"}]}, {"type": "ext", "name": "prefs", "bus_factor": [{"knowledge": 100.0, "author": "Belen"}]}, {"type": "ext", "name": "css", "bus_factor": [{"knowledge": 74.56, "author": "Javi"}]}]}
