{"files": [{"dirs": [], "name": "README.md", "ext": "md", "branch": "gh-pages", "type": "file", "bus_factor": [{"knowledge": 87.67, "author": "Belen"}]}, {"dirs": [], "name": ".gitignore", "ext": "gitignore", "branch": "gh-pages", "type": "file", "bus_factor": [{"knowledge": 100.0, "author": "Belen"}]}, {"dirs": [], "name": "index.html", "ext": "html", "branch": "gh-pages", "type": "file", "bus_factor": [{"knowledge": 52.53, "author": "Belen"}, {"knowledge": 29.29, "author": "Javi"}]}, {"dirs": [], "name": "contact.html", "ext": "html", "branch": "gh-pages", "type": "file", "bus_factor": [{"knowledge": 100.0, "author": "Belen"}]}, {"dirs": [], "name": "example.html", "ext": "html", "branch": "gh-pages", "type": "file", "bus_factor": [{"knowledge": 100.0, "author": "Valerio"}]}, {"dirs": [], "name": "project.html", "ext": "html", "branch": "gh-pages", "type": "file", "bus_factor": [{"knowledge": 55.13, "author": "Javi"}]}, {"dirs": [], "name": "error_page.html", "ext": "html", "branch": "gh-pages", "type": "file", "bus_factor": [{"knowledge": 100.0, "author": "Belen"}]}, {"dirs": [], "name": "index.html.orig", "ext": "orig", "branch": "gh-pages", "type": "file", "bus_factor": [{"knowledge": 100.0, "author": "Javi"}]}, {"dirs": ["js/"], "name": "rq1.js", "ext": "js", "branch": "gh-pages", "type": "file", "bus_factor": [{"knowledge": 96.95, "author": "Belen"}]}, {"dirs": ["js/"], "name": "rq2.js", "ext": "js", "branch": "gh-pages", "type": "file", "bus_factor": [{"knowledge": 96.55, "author": "Belen"}]}, {"dirs": ["js/"], "name": "rq3.js", "ext": "js", "branch": "gh-pages", "type": "file", "bus_factor": [{"knowledge": 58.5, "author": "Belen"}, {"knowledge": 38.32, "author": "Valerio"}]}, {"dirs": ["imgs/"], "name": "rq1.png", "ext": "png", "branch": "gh-pages", "type": "file", "bus_factor": [{"knowledge": 100.0, "author": "Javi"}]}, {"dirs": ["imgs/"], "name": "rq1.svg", "ext": "svg", "branch": "gh-pages", "type": "file", "bus_factor": [{"knowledge": 100.0, "author": "Javi"}]}, {"dirs": ["imgs/"], "name": "rq2.png", "ext": "png", "branch": "gh-pages", "type": "file", "bus_factor": [{"knowledge": 100.0, "author": "Javi"}]}, {"dirs": ["imgs/"], "name": "rq2.svg", "ext": "svg", "branch": "gh-pages", "type": "file", "bus_factor": [{"knowledge": 100.0, "author": "Javi"}]}, {"dirs": ["imgs/"], "name": "rq3.png", "ext": "png", "branch": "gh-pages", "type": "file", "bus_factor": [{"knowledge": 100.0, "author": "Javi"}]}, {"dirs": ["imgs/"], "name": "rq3.svg", "ext": "svg", "branch": "gh-pages", "type": "file", "bus_factor": [{"knowledge": 100.0, "author": "Javi"}]}, {"dirs": ["css/"], "name": "style.css", "ext": "css", "branch": "gh-pages", "type": "file", "bus_factor": [{"knowledge": 72.95, "author": "Belen"}]}, {"dirs": ["imgs/"], "name": "icon.png", "ext": "png", "branch": "gh-pages", "type": "file", "bus_factor": [{"knowledge": 100.0, "author": "Javi"}]}, {"dirs": ["imgs/"], "name": "icon.svg", "ext": "svg", "branch": "gh-pages", "type": "file", "bus_factor": [{"knowledge": 100.0, "author": "Javi"}]}, {"dirs": ["imgs/"], "name": "ltex.png", "ext": "png", "branch": "gh-pages", "type": "file", "bus_factor": [{"knowledge": 100.0, "author": "Javi"}]}, {"dirs": ["imgs/"], "name": "luex.png", "ext": "png", "branch": "gh-pages", "type": "file", "bus_factor": [{"knowledge": 100.0, "author": "Javi"}]}, {"dirs": ["imgs/"], "name": "uiex.png", "ext": "png", "branch": "gh-pages", "type": "file", "bus_factor": [{"knowledge": 100.0, "author": "Javi"}]}, {"dirs": ["js/"], "name": "combobox.js", "ext": "js", "branch": "gh-pages", "type": "file", "bus_factor": [{"knowledge": 94.85, "author": "Belen"}]}, {"dirs": ["imgs/"], "name": "icon15.png", "ext": "png", "branch": "gh-pages", "type": "file", "bus_factor": [{"knowledge": 100.0, "author": "Belen"}]}, {"dirs": ["imgs/"], "name": "icon20.png", "ext": "png", "branch": "gh-pages", "type": "file", "bus_factor": [{"knowledge": 100.0, "author": "Belen"}]}, {"dirs": ["imgs/"], "name": "jcabot.jpg", "ext": "jpg", "branch": "gh-pages", "type": "file", "bus_factor": [{"knowledge": 100.0, "author": "Belen"}]}, {"dirs": ["js/"], "name": "d3.v3.min.js", "ext": "js", "branch": "gh-pages", "type": "file", "bus_factor": [{"knowledge": 100.0, "author": "Javi"}]}, {"dirs": ["js/"], "name": "initIndex.js", "ext": "js", "branch": "gh-pages", "type": "file", "bus_factor": [{"knowledge": 74.55, "author": "Belen"}]}, {"dirs": ["imgs/"], "name": "gh-icon.png", "ext": "png", "branch": "gh-pages", "type": "file", "bus_factor": [{"knowledge": 100.0, "author": "Belen"}]}, {"dirs": ["imgs/"], "name": "brolandi.jpg", "ext": "jpg", "branch": "gh-pages", "type": "file", "bus_factor": [{"knowledge": 100.0, "author": "Belen"}]}, {"dirs": ["js/"], "name": "initProject.js", "ext": "js", "branch": "gh-pages", "type": "file", "bus_factor": [{"knowledge": 56.36, "author": "Belen"}]}, {"dirs": ["imgs/"], "name": "icon90x82.png", "ext": "png", "branch": "gh-pages", "type": "file", "bus_factor": [{"knowledge": 100.0, "author": "Belen"}]}, {"dirs": ["imgs/"], "name": "jlcanovas.jpg", "ext": "jpg", "branch": "gh-pages", "type": "file", "bus_factor": [{"knowledge": 100.0, "author": "Belen"}]}, {"dirs": ["imgs/"], "name": "vcosentino.JPG", "ext": "jpg", "branch": "gh-pages", "type": "file", "bus_factor": [{"knowledge": 100.0, "author": "Belen"}]}, {"dirs": ["imgs/"], "name": "ajax-loader.gif", "ext": "gif", "branch": "gh-pages", "type": "file", "bus_factor": [{"knowledge": 100.0, "author": "Javi"}]}, {"dirs": ["imgs/"], "name": "example_img.png", "ext": "png", "branch": "gh-pages", "type": "file", "bus_factor": [{"knowledge": 100.0, "author": "Belen"}]}, {"dirs": ["imgs/"], "name": "help_icon14.png", "ext": "png", "branch": "gh-pages", "type": "file", "bus_factor": [{"knowledge": 100.0, "author": "Valerio"}]}, {"dirs": ["imgs/"], "name": "warningimage.png", "ext": "png", "branch": "gh-pages", "type": "file", "bus_factor": [{"knowledge": 100.0, "author": "Valerio"}]}, {"dirs": ["js/"], "name": "jquery-1.11.1.min.js", "ext": "js", "branch": "gh-pages", "type": "file", "bus_factor": [{"knowledge": 100.0, "author": "Belen"}]}, {"dirs": ["imgs/"], "name": "loading_project.gif", "ext": "gif", "branch": "gh-pages", "type": "file", "bus_factor": [{"knowledge": 100.0, "author": "Valerio"}]}, {"dirs": ["jquery-sticky-notes/"], "name": "README.TXT", "ext": "txt", "branch": "gh-pages", "type": "file", "bus_factor": [{"knowledge": 100.0, "author": "Valerio"}]}, {"dirs": ["jquery-sticky-notes/"], "name": "LICENSE.TXT", "ext": "txt", "branch": "gh-pages", "type": "file", "bus_factor": [{"knowledge": 100.0, "author": "Valerio"}]}, {"dirs": ["imgs/"], "name": "glyphicons_social_21_github.png", "ext": "png", "branch": "gh-pages", "type": "file", "bus_factor": [{"knowledge": 100.0, "author": "Belen"}]}, {"dirs": ["imgs/"], "name": "glyphicons_social_31_twitter.png", "ext": "png", "branch": "gh-pages", "type": "file", "bus_factor": [{"knowledge": 100.0, "author": "Belen"}]}, {"dirs": ["imgs/"], "name": "glyphicons_social_30_facebook.png", "ext": "png", "branch": "gh-pages", "type": "file", "bus_factor": [{"knowledge": 100.0, "author": "Belen"}]}, {"dirs": ["imgs/"], "name": "glyphicons_social_17_linked_in.png", "ext": "png", "branch": "gh-pages", "type": "file", "bus_factor": [{"knowledge": 100.0, "author": "Belen"}]}, {"dirs": ["js/vendor/", "js/"], "name": "jquery.js", "ext": "js", "branch": "gh-pages", "type": "file", "bus_factor": [{"knowledge": 100.0, "author": "Javi"}]}, {"dirs": ["js/sigma.js/", "js/"], "name": "script.js", "ext": "js", "branch": "gh-pages", "type": "file", "bus_factor": [{"knowledge": 100.0, "author": "Javi"}]}, {"dirs": ["js/vendor/", "js/"], "name": "fastclick.js", "ext": "js", "branch": "gh-pages", "type": "file", "bus_factor": [{"knowledge": 100.0, "author": "Javi"}]}, {"dirs": ["js/vendor/", "js/"], "name": "modernizr.js", "ext": "js", "branch": "gh-pages", "type": "file", "bus_factor": [{"knowledge": 100.0, "author": "Javi"}]}, {"dirs": ["js/jQWidgets/", "js/"], "name": "jqxcore.js", "ext": "js", "branch": "gh-pages", "type": "file", "bus_factor": [{"knowledge": 100.0, "author": "Belen"}]}, {"dirs": ["js/jQWidgets/", "js/"], "name": "jqxdata.js", "ext": "js", "branch": "gh-pages", "type": "file", "bus_factor": [{"knowledge": 100.0, "author": "Belen"}]}, {"dirs": ["css/foundation/", "css/"], "name": "style.css", "ext": "css", "branch": "gh-pages", "type": "file", "bus_factor": [{"knowledge": 100.0, "author": "Javi"}]}, {"dirs": ["js/sigma.js/", "js/"], "name": "sigma.min.js", "ext": "js", "branch": "gh-pages", "type": "file", "bus_factor": [{"knowledge": 100.0, "author": "Javi"}]}, {"dirs": ["js/vendor/", "js/"], "name": "placeholder.js", "ext": "js", "branch": "gh-pages", "type": "file", "bus_factor": [{"knowledge": 100.0, "author": "Javi"}]}, {"dirs": ["js/bootstrap/", "js/"], "name": "bootstrap.js", "ext": "js", "branch": "gh-pages", "type": "file", "bus_factor": [{"knowledge": 100.0, "author": "Javi"}]}, {"dirs": ["css/jQWidgets/", "css/"], "name": "jqx.base.css", "ext": "css", "branch": "gh-pages", "type": "file", "bus_factor": [{"knowledge": 100.0, "author": "Belen"}]}, {"dirs": ["js/foundation/", "js/"], "name": "bootstrap.js", "ext": "js", "branch": "gh-pages", "type": "file", "bus_factor": [{"knowledge": 100.0, "author": "Javi"}]}, {"dirs": ["js/jQWidgets/", "js/"], "name": "jqxbuttons.js", "ext": "js", "branch": "gh-pages", "type": "file", "bus_factor": [{"knowledge": 100.0, "author": "Belen"}]}, {"dirs": ["js/jQWidgets/", "js/"], "name": "jqxlistbox.js", "ext": "js", "branch": "gh-pages", "type": "file", "bus_factor": [{"knowledge": 100.0, "author": "Belen"}]}, {"dirs": ["js/vendor/", "js/"], "name": "jquery.cookie.js", "ext": "js", "branch": "gh-pages", "type": "file", "bus_factor": [{"knowledge": 100.0, "author": "Javi"}]}, {"dirs": ["css/bootstrap/", "css/"], "name": "bootstrap.css", "ext": "css", "branch": "gh-pages", "type": "file", "bus_factor": [{"knowledge": 100.0, "author": "Javi"}]}, {"dirs": ["js/foundation/", "js/"], "name": "foundation.js", "ext": "js", "branch": "gh-pages", "type": "file", "bus_factor": [{"knowledge": 100.0, "author": "Javi"}]}, {"dirs": ["js/jQWidgets/", "js/"], "name": "jqxcombobox.js", "ext": "js", "branch": "gh-pages", "type": "file", "bus_factor": [{"knowledge": 100.0, "author": "Belen"}]}, {"dirs": ["css/foundation/", "css/"], "name": "normalize.css", "ext": "css", "branch": "gh-pages", "type": "file", "bus_factor": [{"knowledge": 100.0, "author": "Javi"}]}, {"dirs": ["js/jQWidgets/", "js/"], "name": "jqxscrollbar.js", "ext": "js", "branch": "gh-pages", "type": "file", "bus_factor": [{"knowledge": 100.0, "author": "Belen"}]}, {"dirs": ["css/foundation/", "css/"], "name": "foundation.css", "ext": "css", "branch": "gh-pages", "type": "file", "bus_factor": [{"knowledge": 100.0, "author": "Javi"}]}, {"dirs": ["js/bootstrap/", "js/"], "name": "bootstrap.min.js", "ext": "js", "branch": "gh-pages", "type": "file", "bus_factor": [{"knowledge": 100.0, "author": "Javi"}]}, {"dirs": ["js/vendor/", "js/"], "name": "custom.modernizr.js", "ext": "js", "branch": "gh-pages", "type": "file", "bus_factor": [{"knowledge": 100.0, "author": "Javi"}]}, {"dirs": ["js/foundation/", "js/"], "name": "bootstrap.min.js", "ext": "js", "branch": "gh-pages", "type": "file", "bus_factor": [{"knowledge": 100.0, "author": "Javi"}]}, {"dirs": ["css/bootstrap/", "css/"], "name": "bootstrap.css.map", "ext": "map", "branch": "gh-pages", "type": "file", "bus_factor": [{"knowledge": 100.0, "author": "Javi"}]}, {"dirs": ["css/bootstrap/", "css/"], "name": "bootstrap.min.css", "ext": "css", "branch": "gh-pages", "type": "file", "bus_factor": [{"knowledge": 100.0, "author": "Javi"}]}, {"dirs": ["js/foundation/", "js/"], "name": "foundation.min.js", "ext": "js", "branch": "gh-pages", "type": "file", "bus_factor": [{"knowledge": 100.0, "author": "Javi"}]}, {"dirs": ["js/foundation/", "js/"], "name": "foundation.tab.js", "ext": "js", "branch": "gh-pages", "type": "file", "bus_factor": [{"knowledge": 100.0, "author": "Javi"}]}, {"dirs": ["js/vendor/", "js/"], "name": "jquery.autocomplete.js", "ext": "js", "branch": "gh-pages", "type": "file", "bus_factor": [{"knowledge": 100.0, "author": "Javi"}]}, {"dirs": ["css/bootstrap/", "css/"], "name": "bootstrap-theme.css", "ext": "css", "branch": "gh-pages", "type": "file", "bus_factor": [{"knowledge": 100.0, "author": "Javi"}]}, {"dirs": ["css/foundation/", "css/"], "name": "foundation.min.css", "ext": "css", "branch": "gh-pages", "type": "file", "bus_factor": [{"knowledge": 100.0, "author": "Javi"}]}, {"dirs": ["js/foundation/", "js/"], "name": "foundation.abide.js", "ext": "js", "branch": "gh-pages", "type": "file", "bus_factor": [{"knowledge": 100.0, "author": "Javi"}]}, {"dirs": ["js/foundation/", "js/"], "name": "foundation.alert.js", "ext": "js", "branch": "gh-pages", "type": "file", "bus_factor": [{"knowledge": 100.0, "author": "Javi"}]}, {"dirs": ["js/foundation/", "js/"], "name": "foundation.orbit.js", "ext": "js", "branch": "gh-pages", "type": "file", "bus_factor": [{"knowledge": 100.0, "author": "Javi"}]}, {"dirs": ["js/foundation/", "js/"], "name": "foundation.reveal.js", "ext": "js", "branch": "gh-pages", "type": "file", "bus_factor": [{"knowledge": 100.0, "author": "Javi"}]}, {"dirs": ["js/foundation/", "js/"], "name": "foundation.slider.js", "ext": "js", "branch": "gh-pages", "type": "file", "bus_factor": [{"knowledge": 100.0, "author": "Javi"}]}, {"dirs": ["js/foundation/", "js/"], "name": "foundation.topbar.js", "ext": "js", "branch": "gh-pages", "type": "file", "bus_factor": [{"knowledge": 100.0, "author": "Javi"}]}, {"dirs": ["js/foundation/", "js/"], "name": "foundation.joyride.js", "ext": "js", "branch": "gh-pages", "type": "file", "bus_factor": [{"knowledge": 100.0, "author": "Javi"}]}, {"dirs": ["js/foundation/", "js/"], "name": "foundation.tooltip.js", "ext": "js", "branch": "gh-pages", "type": "file", "bus_factor": [{"knowledge": 100.0, "author": "Javi"}]}, {"dirs": ["js/foundation/", "js/"], "name": "foundation.clearing.js", "ext": "js", "branch": "gh-pages", "type": "file", "bus_factor": [{"knowledge": 100.0, "author": "Javi"}]}, {"dirs": ["js/foundation/", "js/"], "name": "foundation.dropdown.js", "ext": "js", "branch": "gh-pages", "type": "file", "bus_factor": [{"knowledge": 100.0, "author": "Javi"}]}, {"dirs": ["js/foundation/", "js/"], "name": "foundation.magellan.js", "ext": "js", "branch": "gh-pages", "type": "file", "bus_factor": [{"knowledge": 100.0, "author": "Javi"}]}, {"dirs": ["css/bootstrap/", "css/"], "name": "bootstrap-theme.css.map", "ext": "map", "branch": "gh-pages", "type": "file", "bus_factor": [{"knowledge": 100.0, "author": "Javi"}]}, {"dirs": ["css/bootstrap/", "css/"], "name": "bootstrap-theme.min.css", "ext": "css", "branch": "gh-pages", "type": "file", "bus_factor": [{"knowledge": 100.0, "author": "Javi"}]}, {"dirs": ["jquery-sticky-notes/images/", "jquery-sticky-notes/"], "name": "delete.png", "ext": "png", "branch": "gh-pages", "type": "file", "bus_factor": [{"knowledge": 100.0, "author": "Valerio"}]}, {"dirs": ["js/foundation/", "js/"], "name": "foundation.accordion.js", "ext": "js", "branch": "gh-pages", "type": "file", "bus_factor": [{"knowledge": 100.0, "author": "Javi"}]}, {"dirs": ["js/foundation/", "js/"], "name": "foundation.equalizer.js", "ext": "js", "branch": "gh-pages", "type": "file", "bus_factor": [{"knowledge": 100.0, "author": "Javi"}]}, {"dirs": ["js/foundation/", "js/"], "name": "foundation.offcanvas.js", "ext": "js", "branch": "gh-pages", "type": "file", "bus_factor": [{"knowledge": 100.0, "author": "Javi"}]}, {"dirs": ["js/sigma.js/", "js/"], "name": "sigma.parsers.gexf.min.js", "ext": "js", "branch": "gh-pages", "type": "file", "bus_factor": [{"knowledge": 100.0, "author": "Javi"}]}, {"dirs": ["js/sigma.js/", "js/"], "name": "sigma.parsers.json.min.js", "ext": "js", "branch": "gh-pages", "type": "file", "bus_factor": [{"knowledge": 100.0, "author": "Javi"}]}, {"dirs": ["jquery-sticky-notes/images/", "jquery-sticky-notes/"], "name": "bg_netty.png", "ext": "png", "branch": "gh-pages", "type": "file", "bus_factor": [{"knowledge": 100.0, "author": "Valerio"}]}, {"dirs": ["js/foundation/", "js/"], "name": "foundation.interchange.js", "ext": "js", "branch": "gh-pages", "type": "file", "bus_factor": [{"knowledge": 100.0, "author": "Javi"}]}, {"dirs": ["jquery-sticky-notes/images/", "jquery-sticky-notes/"], "name": "sticky-bg.png", "ext": "png", "branch": "gh-pages", "type": "file", "bus_factor": [{"knowledge": 100.0, "author": "Valerio"}]}, {"dirs": ["js/sigma.js/", "js/"], "name": "sigma.plugins.animate.min.js", "ext": "js", "branch": "gh-pages", "type": "file", "bus_factor": [{"knowledge": 100.0, "author": "Javi"}]}, {"dirs": ["js/sigma.js/", "js/"], "name": "sigma.plugins.dragNodes.min.js", "ext": "js", "branch": "gh-pages", "type": "file", "bus_factor": [{"knowledge": 100.0, "author": "Javi"}]}, {"dirs": ["js/sigma.js/", "js/"], "name": "sigma.layout.forceAtlas2.min.js", "ext": "js", "branch": "gh-pages", "type": "file", "bus_factor": [{"knowledge": 100.0, "author": "Javi"}]}, {"dirs": ["jquery-sticky-notes/css/", "jquery-sticky-notes/"], "name": "jquery.stickynotes.css", "ext": "css", "branch": "gh-pages", "type": "file", "bus_factor": [{"knowledge": 100.0, "author": "Valerio"}]}, {"dirs": ["jquery-sticky-notes/script/", "jquery-sticky-notes/"], "name": "jquery-1.3.2.min.js", "ext": "js", "branch": "gh-pages", "type": "file", "bus_factor": [{"knowledge": 100.0, "author": "Valerio"}]}, {"dirs": ["js/sigma.js/", "js/"], "name": "sigma.plugins.neighborhoods.min.js", "ext": "js", "branch": "gh-pages", "type": "file", "bus_factor": [{"knowledge": 100.0, "author": "Javi"}]}, {"dirs": ["js/sigma.js/", "js/"], "name": "sigma.renderers.customShapes.min.js", "ext": "js", "branch": "gh-pages", "type": "file", "bus_factor": [{"knowledge": 100.0, "author": "Javi"}]}, {"dirs": ["jquery-sticky-notes/script/", "jquery-sticky-notes/"], "name": "jquery.stickynotes.js", "ext": "js", "branch": "gh-pages", "type": "file", "bus_factor": [{"knowledge": 100.0, "author": "Valerio"}]}, {"dirs": ["jquery-sticky-notes/script/", "jquery-sticky-notes/"], "name": "jquery-ui-1.7.2.custom.min.js", "ext": "js", "branch": "gh-pages", "type": "file", "bus_factor": [{"knowledge": 100.0, "author": "Valerio"}]}, {"dirs": ["css/jQWidgets/images/", "css/jQWidgets/", "css/"], "name": "drag.png", "ext": "png", "branch": "gh-pages", "type": "file", "bus_factor": [{"knowledge": 100.0, "author": "Javi"}]}, {"dirs": ["css/jQWidgets/images/", "css/jQWidgets/", "css/"], "name": "plus.png", "ext": "png", "branch": "gh-pages", "type": "file", "bus_factor": [{"knowledge": 100.0, "author": "Javi"}]}, {"dirs": ["css/jQWidgets/images/", "css/jQWidgets/", "css/"], "name": "star.png", "ext": "png", "branch": "gh-pages", "type": "file", "bus_factor": [{"knowledge": 100.0, "author": "Javi"}]}, {"dirs": ["css/jQWidgets/images/", "css/jQWidgets/", "css/"], "name": "tick.png", "ext": "png", "branch": "gh-pages", "type": "file", "bus_factor": [{"knowledge": 100.0, "author": "Javi"}]}, {"dirs": ["css/jQWidgets/images/", "css/jQWidgets/", "css/"], "name": "close.png", "ext": "png", "branch": "gh-pages", "type": "file", "bus_factor": [{"knowledge": 100.0, "author": "Javi"}]}, {"dirs": ["css/jQWidgets/images/", "css/jQWidgets/", "css/"], "name": "filter.png", "ext": "png", "branch": "gh-pages", "type": "file", "bus_factor": [{"knowledge": 100.0, "author": "Javi"}]}, {"dirs": ["css/jQWidgets/images/", "css/jQWidgets/", "css/"], "name": "loader.gif", "ext": "gif", "branch": "gh-pages", "type": "file", "bus_factor": [{"knowledge": 100.0, "author": "Javi"}]}, {"dirs": ["css/jQWidgets/images/", "css/jQWidgets/", "css/"], "name": "search.png", "ext": "png", "branch": "gh-pages", "type": "file", "bus_factor": [{"knowledge": 100.0, "author": "Javi"}]}, {"dirs": ["css/jQWidgets/images/", "css/jQWidgets/", "css/"], "name": "icon-up.png", "ext": "png", "branch": "gh-pages", "type": "file", "bus_factor": [{"knowledge": 100.0, "author": "Javi"}]}, {"dirs": ["css/jQWidgets/images/", "css/jQWidgets/", "css/"], "name": "pointer.png", "ext": "png", "branch": "gh-pages", "type": "file", "bus_factor": [{"knowledge": 100.0, "author": "Javi"}]}, {"dirs": ["css/jQWidgets/images/", "css/jQWidgets/", "css/"], "name": "sortasc.png", "ext": "png", "branch": "gh-pages", "type": "file", "bus_factor": [{"knowledge": 100.0, "author": "Javi"}]}, {"dirs": ["css/jQWidgets/images/", "css/jQWidgets/", "css/"], "name": "bg_black.png", "ext": "png", "branch": "gh-pages", "type": "file", "bus_factor": [{"knowledge": 100.0, "author": "Javi"}]}, {"dirs": ["css/jQWidgets/images/", "css/jQWidgets/", "css/"], "name": "sortdesc.png", "ext": "png", "branch": "gh-pages", "type": "file", "bus_factor": [{"knowledge": 100.0, "author": "Javi"}]}, {"dirs": ["css/jQWidgets/images/", "css/jQWidgets/", "css/"], "name": "backImage.png", "ext": "png", "branch": "gh-pages", "type": "file", "bus_factor": [{"knowledge": 100.0, "author": "Javi"}]}, {"dirs": ["css/jQWidgets/images/", "css/jQWidgets/", "css/"], "name": "crosshair.png", "ext": "png", "branch": "gh-pages", "type": "file", "bus_factor": [{"knowledge": 100.0, "author": "Javi"}]}, {"dirs": ["css/jQWidgets/images/", "css/jQWidgets/", "css/"], "name": "icon-down.png", "ext": "png", "branch": "gh-pages", "type": "file", "bus_factor": [{"knowledge": 100.0, "author": "Javi"}]}, {"dirs": ["css/jQWidgets/images/", "css/jQWidgets/", "css/"], "name": "icon-edit.png", "ext": "png", "branch": "gh-pages", "type": "file", "bus_factor": [{"knowledge": 100.0, "author": "Javi"}]}, {"dirs": ["css/jQWidgets/images/", "css/jQWidgets/", "css/"], "name": "icon-last.png", "ext": "png", "branch": "gh-pages", "type": "file", "bus_factor": [{"knowledge": 100.0, "author": "Javi"}]}, {"dirs": ["css/jQWidgets/images/", "css/jQWidgets/", "css/"], "name": "icon-left.png", "ext": "png", "branch": "gh-pages", "type": "file", "bus_factor": [{"knowledge": 100.0, "author": "Javi"}]}, {"dirs": ["css/jQWidgets/images/", "css/jQWidgets/", "css/"], "name": "icon-save.png", "ext": "png", "branch": "gh-pages", "type": "file", "bus_factor": [{"knowledge": 100.0, "author": "Javi"}]}, {"dirs": ["css/jQWidgets/images/", "css/jQWidgets/", "css/"], "name": "check_blue.png", "ext": "png", "branch": "gh-pages", "type": "file", "bus_factor": [{"knowledge": 100.0, "author": "Javi"}]}, {"dirs": ["css/jQWidgets/images/", "css/jQWidgets/", "css/"], "name": "close_blue.png", "ext": "png", "branch": "gh-pages", "type": "file", "bus_factor": [{"knowledge": 100.0, "author": "Javi"}]}, {"dirs": ["css/jQWidgets/images/", "css/jQWidgets/", "css/"], "name": "dragcancel.png", "ext": "png", "branch": "gh-pages", "type": "file", "bus_factor": [{"knowledge": 100.0, "author": "Javi"}]}, {"dirs": ["css/jQWidgets/images/", "css/jQWidgets/", "css/"], "name": "icon-first.png", "ext": "png", "branch": "gh-pages", "type": "file", "bus_factor": [{"knowledge": 100.0, "author": "Javi"}]}, {"dirs": ["css/jQWidgets/images/", "css/jQWidgets/", "css/"], "name": "icon-right.png", "ext": "png", "branch": "gh-pages", "type": "file", "bus_factor": [{"knowledge": 100.0, "author": "Javi"}]}, {"dirs": ["css/jQWidgets/images/", "css/jQWidgets/", "css/"], "name": "menubutton.png", "ext": "png", "branch": "gh-pages", "type": "file", "bus_factor": [{"knowledge": 100.0, "author": "Javi"}]}, {"dirs": ["css/jQWidgets/images/", "css/jQWidgets/", "css/"], "name": "plus_white.png", "ext": "png", "branch": "gh-pages", "type": "file", "bus_factor": [{"knowledge": 100.0, "author": "Javi"}]}, {"dirs": ["css/jQWidgets/images/", "css/jQWidgets/", "css/"], "name": "sortremove.png", "ext": "png", "branch": "gh-pages", "type": "file", "bus_factor": [{"knowledge": 100.0, "author": "Javi"}]}, {"dirs": ["css/jQWidgets/images/", "css/jQWidgets/", "css/"], "name": "star_hover.png", "ext": "png", "branch": "gh-pages", "type": "file", "bus_factor": [{"knowledge": 100.0, "author": "Javi"}]}, {"dirs": ["css/jQWidgets/images/", "css/jQWidgets/", "css/"], "name": "bg_darkblue.png", "ext": "png", "branch": "gh-pages", "type": "file", "bus_factor": [{"knowledge": 100.0, "author": "Javi"}]}, {"dirs": ["css/jQWidgets/images/", "css/jQWidgets/", "css/"], "name": "check_black.png", "ext": "png", "branch": "gh-pages", "type": "file", "bus_factor": [{"knowledge": 100.0, "author": "Javi"}]}, {"dirs": ["css/jQWidgets/images/", "css/jQWidgets/", "css/"], "name": "check_white.png", "ext": "png", "branch": "gh-pages", "type": "file", "bus_factor": [{"knowledge": 100.0, "author": "Javi"}]}, {"dirs": ["css/jQWidgets/images/", "css/jQWidgets/", "css/"], "name": "close_white.png", "ext": "png", "branch": "gh-pages", "type": "file", "bus_factor": [{"knowledge": 100.0, "author": "Javi"}]}, {"dirs": ["css/jQWidgets/images/", "css/jQWidgets/", "css/"], "name": "html_editor.png", "ext": "png", "branch": "gh-pages", "type": "file", "bus_factor": [{"knowledge": 100.0, "author": "Javi"}]}, {"dirs": ["css/jQWidgets/images/", "css/jQWidgets/", "css/"], "name": "icon-cancel.png", "ext": "png", "branch": "gh-pages", "type": "file", "bus_factor": [{"knowledge": 100.0, "author": "Javi"}]}, {"dirs": ["css/jQWidgets/images/", "css/jQWidgets/", "css/"], "name": "icon-delete.png", "ext": "png", "branch": "gh-pages", "type": "file", "bus_factor": [{"knowledge": 100.0, "author": "Javi"}]}, {"dirs": ["css/jQWidgets/images/", "css/jQWidgets/", "css/"], "name": "multi-arrow.gif", "ext": "gif", "branch": "gh-pages", "type": "file", "bus_factor": [{"knowledge": 100.0, "author": "Javi"}]}, {"dirs": ["css/jQWidgets/images/", "css/jQWidgets/", "css/"], "name": "icon-up-blue.png", "ext": "png", "branch": "gh-pages", "type": "file", "bus_factor": [{"knowledge": 100.0, "author": "Javi"}]}, {"dirs": ["css/jQWidgets/images/", "css/jQWidgets/", "css/"], "name": "red_arrow_up.png", "ext": "png", "branch": "gh-pages", "type": "file", "bus_factor": [{"knowledge": 100.0, "author": "Javi"}]}, {"dirs": ["css/jQWidgets/images/", "css/jQWidgets/", "css/"], "name": "red_gradient.png", "ext": "png", "branch": "gh-pages", "type": "file", "bus_factor": [{"knowledge": 100.0, "author": "Javi"}]}, {"dirs": ["css/jQWidgets/images/", "css/jQWidgets/", "css/"], "name": "search_white.png", "ext": "png", "branch": "gh-pages", "type": "file", "bus_factor": [{"knowledge": 100.0, "author": "Javi"}]}, {"dirs": ["css/jQWidgets/images/", "css/jQWidgets/", "css/"], "name": "track_summer.png", "ext": "png", "branch": "gh-pages", "type": "file", "bus_factor": [{"knowledge": 100.0, "author": "Javi"}]}, {"dirs": ["css/jQWidgets/images/", "css/jQWidgets/", "css/"], "name": "backgroundTop.png", "ext": "png", "branch": "gh-pages", "type": "file", "bus_factor": [{"knowledge": 100.0, "author": "Javi"}]}, {"dirs": ["css/jQWidgets/images/", "css/jQWidgets/", "css/"], "name": "bg_blackhover.png", "ext": "png", "branch": "gh-pages", "type": "file", "bus_factor": [{"knowledge": 100.0, "author": "Javi"}]}, {"dirs": ["css/jQWidgets/images/", "css/jQWidgets/", "css/"], "name": "bg_blueenergy.png", "ext": "png", "branch": "gh-pages", "type": "file", "bus_factor": [{"knowledge": 100.0, "author": "Javi"}]}, {"dirs": ["css/jQWidgets/images/", "css/jQWidgets/", "css/"], "name": "icon-calendar.png", "ext": "png", "branch": "gh-pages", "type": "file", "bus_factor": [{"knowledge": 100.0, "author": "Javi"}]}, {"dirs": ["css/jQWidgets/images/", "css/jQWidgets/", "css/"], "name": "icon-up-white.png", "ext": "png", "branch": "gh-pages", "type": "file", "bus_factor": [{"knowledge": 100.0, "author": "Javi"}]}, {"dirs": ["css/jQWidgets/images/", "css/jQWidgets/", "css/"], "name": "metro-icon-up.png", "ext": "png", "branch": "gh-pages", "type": "file", "bus_factor": [{"knowledge": 100.0, "author": "Javi"}]}, {"dirs": ["css/jQWidgets/images/", "css/jQWidgets/", "css/"], "name": "sortascbutton.png", "ext": "png", "branch": "gh-pages", "type": "file", "bus_factor": [{"knowledge": 100.0, "author": "Javi"}]}, {"dirs": ["css/jQWidgets/images/", "css/jQWidgets/", "css/"], "name": "star_disabled.png", "ext": "png", "branch": "gh-pages", "type": "file", "bus_factor": [{"knowledge": 100.0, "author": "Javi"}]}, {"dirs": ["css/jQWidgets/images/", "css/jQWidgets/", "css/"], "name": "track_classic.png", "ext": "png", "branch": "gh-pages", "type": "file", "bus_factor": [{"knowledge": 100.0, "author": "Javi"}]}, {"dirs": ["css/jQWidgets/images/", "css/jQWidgets/", "css/"], "name": "black_gradient.png", "ext": "png", "branch": "gh-pages", "type": "file", "bus_factor": [{"knowledge": 100.0, "author": "Javi"}]}, {"dirs": ["css/jQWidgets/images/", "css/jQWidgets/", "css/"], "name": "check_disabled.png", "ext": "png", "branch": "gh-pages", "type": "file", "bus_factor": [{"knowledge": 100.0, "author": "Javi"}]}, {"dirs": ["css/jQWidgets/images/", "css/jQWidgets/", "css/"], "name": "icon-down-blue.png", "ext": "png", "branch": "gh-pages", "type": "file", "bus_factor": [{"knowledge": 100.0, "author": "Javi"}]}, {"dirs": ["css/jQWidgets/images/", "css/jQWidgets/", "css/"], "name": "icon-last-blue.png", "ext": "png", "branch": "gh-pages", "type": "file", "bus_factor": [{"knowledge": 100.0, "author": "Javi"}]}, {"dirs": ["css/jQWidgets/images/", "css/jQWidgets/", "css/"], "name": "icon-left-blue.png", "ext": "png", "branch": "gh-pages", "type": "file", "bus_factor": [{"knowledge": 100.0, "author": "Javi"}]}, {"dirs": ["css/jQWidgets/images/", "css/jQWidgets/", "css/"], "name": "office-icon-up.png", "ext": "png", "branch": "gh-pages", "type": "file", "bus_factor": [{"knowledge": 100.0, "author": "Javi"}]}, {"dirs": ["css/jQWidgets/images/", "css/jQWidgets/", "css/"], "name": "red_arrow_down.png", "ext": "png", "branch": "gh-pages", "type": "file", "bus_factor": [{"knowledge": 100.0, "author": "Javi"}]}, {"dirs": ["css/jQWidgets/images/", "css/jQWidgets/", "css/"], "name": "sortdescbutton.png", "ext": "png", "branch": "gh-pages", "type": "file", "bus_factor": [{"knowledge": 100.0, "author": "Javi"}]}, {"dirs": ["css/jQWidgets/images/", "css/jQWidgets/", "css/"], "name": "track_darkblue.png", "ext": "png", "branch": "gh-pages", "type": "file", "bus_factor": [{"knowledge": 100.0, "author": "Javi"}]}, {"dirs": ["css/jQWidgets/images/", "css/jQWidgets/", "css/"], "name": "wp_check_white.png", "ext": "png", "branch": "gh-pages", "type": "file", "bus_factor": [{"knowledge": 100.0, "author": "Javi"}]}, {"dirs": ["css/jQWidgets/images/", "css/jQWidgets/", "css/"], "name": "bg_blackpressed.png", "ext": "png", "branch": "gh-pages", "type": "file", "bus_factor": [{"knowledge": 100.0, "author": "Javi"}]}, {"dirs": ["css/jQWidgets/images/", "css/jQWidgets/", "css/"], "name": "blackbackground.png", "ext": "png", "branch": "gh-pages", "type": "file", "bus_factor": [{"knowledge": 100.0, "author": "Javi"}]}, {"dirs": ["css/jQWidgets/images/", "css/jQWidgets/", "css/"], "name": "check_lightblue.png", "ext": "png", "branch": "gh-pages", "type": "file", "bus_factor": [{"knowledge": 100.0, "author": "Javi"}]}, {"dirs": ["css/jQWidgets/images/", "css/jQWidgets/", "css/"], "name": "crosshair-white.png", "ext": "png", "branch": "gh-pages", "type": "file", "bus_factor": [{"knowledge": 100.0, "author": "Javi"}]}, {"dirs": ["css/jQWidgets/images/", "css/jQWidgets/", "css/"], "name": "icon-down-white.png", "ext": "png", "branch": "gh-pages", "type": "file", "bus_factor": [{"knowledge": 100.0, "author": "Javi"}]}, {"dirs": ["css/jQWidgets/images/", "css/jQWidgets/", "css/"], "name": "icon-edit-white.png", "ext": "png", "branch": "gh-pages", "type": "file", "bus_factor": [{"knowledge": 100.0, "author": "Javi"}]}, {"dirs": ["css/jQWidgets/images/", "css/jQWidgets/", "css/"], "name": "icon-first-blue.png", "ext": "png", "branch": "gh-pages", "type": "file", "bus_factor": [{"knowledge": 100.0, "author": "Javi"}]}, {"dirs": ["css/jQWidgets/images/", "css/jQWidgets/", "css/"], "name": "icon-last-white.png", "ext": "png", "branch": "gh-pages", "type": "file", "bus_factor": [{"knowledge": 100.0, "author": "Javi"}]}, {"dirs": ["css/jQWidgets/images/", "css/jQWidgets/", "css/"], "name": "icon-left-white.png", "ext": "png", "branch": "gh-pages", "type": "file", "bus_factor": [{"knowledge": 100.0, "author": "Javi"}]}, {"dirs": ["css/jQWidgets/images/", "css/jQWidgets/", "css/"], "name": "icon-right-blue.png", "ext": "png", "branch": "gh-pages", "type": "file", "bus_factor": [{"knowledge": 100.0, "author": "Javi"}]}, {"dirs": ["css/jQWidgets/images/", "css/jQWidgets/", "css/"], "name": "icon-save-white.png", "ext": "png", "branch": "gh-pages", "type": "file", "bus_factor": [{"knowledge": 100.0, "author": "Javi"}]}, {"dirs": ["css/jQWidgets/images/", "css/jQWidgets/", "css/"], "name": "metro-icon-down.png", "ext": "png", "branch": "gh-pages", "type": "file", "bus_factor": [{"knowledge": 100.0, "author": "Javi"}]}, {"dirs": ["css/jQWidgets/images/", "css/jQWidgets/", "css/"], "name": "metro-icon-last.png", "ext": "png", "branch": "gh-pages", "type": "file", "bus_factor": [{"knowledge": 100.0, "author": "Javi"}]}, {"dirs": ["css/jQWidgets/images/", "css/jQWidgets/", "css/"], "name": "metro-icon-left.png", "ext": "png", "branch": "gh-pages", "type": "file", "bus_factor": [{"knowledge": 100.0, "author": "Javi"}]}, {"dirs": ["css/jQWidgets/images/", "css/jQWidgets/", "css/"], "name": "rangebar_summer.png", "ext": "png", "branch": "gh-pages", "type": "file", "bus_factor": [{"knowledge": 100.0, "author": "Javi"}]}, {"dirs": ["css/jQWidgets/images/", "css/jQWidgets/", "css/"], "name": "bg_darkbluehover.png", "ext": "png", "branch": "gh-pages", "type": "file", "bus_factor": [{"knowledge": 100.0, "author": "Javi"}]}, {"dirs": ["css/jQWidgets/images/", "css/jQWidgets/", "css/"], "name": "darkred_gradient.png", "ext": "png", "branch": "gh-pages", "type": "file", "bus_factor": [{"knowledge": 100.0, "author": "Javi"}]}, {"dirs": ["css/jQWidgets/images/", "css/jQWidgets/", "css/"], "name": "icon-first-white.png", "ext": "png", "branch": "gh-pages", "type": "file", "bus_factor": [{"knowledge": 100.0, "author": "Javi"}]}, {"dirs": ["css/jQWidgets/images/", "css/jQWidgets/", "css/"], "name": "icon-right-white.png", "ext": "png", "branch": "gh-pages", "type": "file", "bus_factor": [{"knowledge": 100.0, "author": "Javi"}]}, {"dirs": ["css/jQWidgets/images/", "css/jQWidgets/", "css/"], "name": "metro-icon-first.png", "ext": "png", "branch": "gh-pages", "type": "file", "bus_factor": [{"knowledge": 100.0, "author": "Javi"}]}, {"dirs": ["css/jQWidgets/images/", "css/jQWidgets/", "css/"], "name": "metro-icon-right.png", "ext": "png", "branch": "gh-pages", "type": "file", "bus_factor": [{"knowledge": 100.0, "author": "Javi"}]}, {"dirs": ["css/jQWidgets/images/", "css/jQWidgets/", "css/"], "name": "office-icon-down.png", "ext": "png", "branch": "gh-pages", "type": "file", "bus_factor": [{"knowledge": 100.0, "author": "Javi"}]}, {"dirs": ["css/jQWidgets/images/", "css/jQWidgets/", "css/"], "name": "office-icon-last.png", "ext": "png", "branch": "gh-pages", "type": "file", "bus_factor": [{"knowledge": 100.0, "author": "Javi"}]}, {"dirs": ["css/jQWidgets/images/", "css/jQWidgets/", "css/"], "name": "office-icon-left.png", "ext": "png", "branch": "gh-pages", "type": "file", "bus_factor": [{"knowledge": 100.0, "author": "Javi"}]}, {"dirs": ["css/jQWidgets/images/", "css/jQWidgets/", "css/"], "name": "rangebar_classic.png", "ext": "png", "branch": "gh-pages", "type": "file", "bus_factor": [{"knowledge": 100.0, "author": "Javi"}]}, {"dirs": ["css/jQWidgets/images/", "css/jQWidgets/", "css/"], "name": "roundbg_disabled.png", "ext": "png", "branch": "gh-pages", "type": "file", "bus_factor": [{"knowledge": 100.0, "author": "Javi"}]}, {"dirs": ["css/jQWidgets/images/", "css/jQWidgets/", "css/"], "name": "track_shinyblack.png", "ext": "png", "branch": "gh-pages", "type": "file", "bus_factor": [{"knowledge": 100.0, "author": "Javi"}]}, {"dirs": ["css/jQWidgets/images/", "css/jQWidgets/", "css/"], "name": "html_editor_white.png", "ext": "png", "branch": "gh-pages", "type": "file", "bus_factor": [{"knowledge": 100.0, "author": "Javi"}]}, {"dirs": ["css/jQWidgets/images/", "css/jQWidgets/", "css/"], "name": "icon-cancel-white.png", "ext": "png", "branch": "gh-pages", "type": "file", "bus_factor": [{"knowledge": 100.0, "author": "Javi"}]}, {"dirs": ["css/jQWidgets/images/", "css/jQWidgets/", "css/"], "name": "icon-delete-white.png", "ext": "png", "branch": "gh-pages", "type": "file", "bus_factor": [{"knowledge": 100.0, "author": "Javi"}]}, {"dirs": ["css/jQWidgets/images/", "css/jQWidgets/", "css/"], "name": "icon-showpassword.png", "ext": "png", "branch": "gh-pages", "type": "file", "bus_factor": [{"knowledge": 100.0, "author": "Javi"}]}, {"dirs": ["css/jQWidgets/images/", "css/jQWidgets/", "css/"], "name": "office-icon-first.png", "ext": "png", "branch": "gh-pages", "type": "file", "bus_factor": [{"knowledge": 100.0, "author": "Javi"}]}, {"dirs": ["css/jQWidgets/images/", "css/jQWidgets/", "css/"], "name": "office-icon-right.png", "ext": "png", "branch": "gh-pages", "type": "file", "bus_factor": [{"knowledge": 100.0, "author": "Javi"}]}, {"dirs": ["css/jQWidgets/images/", "css/jQWidgets/", "css/"], "name": "rangebar_darkblue.png", "ext": "png", "branch": "gh-pages", "type": "file", "bus_factor": [{"knowledge": 100.0, "author": "Javi"}]}, {"dirs": ["css/jQWidgets/images/", "css/jQWidgets/", "css/"], "name": "bg_darkbluepressed.png", "ext": "png", "branch": "gh-pages", "type": "file", "bus_factor": [{"knowledge": 100.0, "author": "Javi"}]}, {"dirs": ["css/jQWidgets/images/", "css/jQWidgets/", "css/"], "name": "bg_black_horizontal.png", "ext": "png", "branch": "gh-pages", "type": "file", "bus_factor": [{"knowledge": 100.0, "author": "Javi"}]}, {"dirs": ["css/jQWidgets/images/", "css/jQWidgets/", "css/"], "name": "icon-calendar-white.png", "ext": "png", "branch": "gh-pages", "type": "file", "bus_factor": [{"knowledge": 100.0, "author": "Javi"}]}, {"dirs": ["css/jQWidgets/images/", "css/jQWidgets/", "css/"], "name": "icon-menu-minimized.png", "ext": "png", "branch": "gh-pages", "type": "file", "bus_factor": [{"knowledge": 100.0, "author": "Javi"}]}, {"dirs": ["css/jQWidgets/images/", "css/jQWidgets/", "css/"], "name": "icon-up-transparent.png", "ext": "png", "branch": "gh-pages", "type": "file", "bus_factor": [{"knowledge": 100.0, "author": "Javi"}]}, {"dirs": ["css/jQWidgets/images/", "css/jQWidgets/", "css/"], "name": "metro-icon-up-white.png", "ext": "png", "branch": "gh-pages", "type": "file", "bus_factor": [{"knowledge": 100.0, "author": "Javi"}]}, {"dirs": ["css/jQWidgets/images/", "css/jQWidgets/", "css/"], "name": "rangebar_shinyblack.png", "ext": "png", "branch": "gh-pages", "type": "file", "bus_factor": [{"knowledge": 100.0, "author": "Javi"}]}, {"dirs": ["css/jQWidgets/images/", "css/jQWidgets/", "css/"], "name": "roundbg_check_black.png", "ext": "png", "branch": "gh-pages", "type": "file", "bus_factor": [{"knowledge": 100.0, "author": "Javi"}]}, {"dirs": ["css/jQWidgets/images/", "css/jQWidgets/", "css/"], "name": "roundbg_check_white.png", "ext": "png", "branch": "gh-pages", "type": "file", "bus_factor": [{"knowledge": 100.0, "author": "Javi"}]}, {"dirs": ["css/jQWidgets/images/", "css/jQWidgets/", "css/"], "name": "icon-down-transparent.png", "ext": "png", "branch": "gh-pages", "type": "file", "bus_factor": [{"knowledge": 100.0, "author": "Javi"}]}, {"dirs": ["css/jQWidgets/images/", "css/jQWidgets/", "css/"], "name": "icon-last-transparent.png", "ext": "png", "branch": "gh-pages", "type": "file", "bus_factor": [{"knowledge": 100.0, "author": "Javi"}]}, {"dirs": ["css/jQWidgets/images/", "css/jQWidgets/", "css/"], "name": "icon-left-transparent.png", "ext": "png", "branch": "gh-pages", "type": "file", "bus_factor": [{"knowledge": 100.0, "author": "Javi"}]}, {"dirs": ["css/jQWidgets/images/", "css/jQWidgets/", "css/"], "name": "metro-icon-down-white.png", "ext": "png", "branch": "gh-pages", "type": "file", "bus_factor": [{"knowledge": 100.0, "author": "Javi"}]}, {"dirs": ["css/jQWidgets/images/", "css/jQWidgets/", "css/"], "name": "metro-icon-last-white.png", "ext": "png", "branch": "gh-pages", "type": "file", "bus_factor": [{"knowledge": 100.0, "author": "Javi"}]}, {"dirs": ["css/jQWidgets/images/", "css/jQWidgets/", "css/"], "name": "metro-icon-left-white.png", "ext": "png", "branch": "gh-pages", "type": "file", "bus_factor": [{"knowledge": 100.0, "author": "Javi"}]}, {"dirs": ["css/jQWidgets/images/", "css/jQWidgets/", "css/"], "name": "roundbg_classic_hover.png", "ext": "png", "branch": "gh-pages", "type": "file", "bus_factor": [{"knowledge": 100.0, "author": "Javi"}]}, {"dirs": ["css/jQWidgets/images/", "css/jQWidgets/", "css/"], "name": "icon-first-transparent.png", "ext": "png", "branch": "gh-pages", "type": "file", "bus_factor": [{"knowledge": 100.0, "author": "Javi"}]}, {"dirs": ["css/jQWidgets/images/", "css/jQWidgets/", "css/"], "name": "icon-right-transparent.png", "ext": "png", "branch": "gh-pages", "type": "file", "bus_factor": [{"knowledge": 100.0, "author": "Javi"}]}, {"dirs": ["css/jQWidgets/images/", "css/jQWidgets/", "css/"], "name": "metro-icon-first-white.png", "ext": "png", "branch": "gh-pages", "type": "file", "bus_factor": [{"knowledge": 100.0, "author": "Javi"}]}, {"dirs": ["css/jQWidgets/images/", "css/jQWidgets/", "css/"], "name": "metro-icon-right-white.png", "ext": "png", "branch": "gh-pages", "type": "file", "bus_factor": [{"knowledge": 100.0, "author": "Javi"}]}, {"dirs": ["css/jQWidgets/images/", "css/jQWidgets/", "css/"], "name": "roundbg_check_disabled.png", "ext": "png", "branch": "gh-pages", "type": "file", "bus_factor": [{"knowledge": 100.0, "author": "Javi"}]}, {"dirs": ["css/jQWidgets/images/", "css/jQWidgets/", "css/"], "name": "roundbg_classic_normal.png", "ext": "png", "branch": "gh-pages", "type": "file", "bus_factor": [{"knowledge": 100.0, "author": "Javi"}]}, {"dirs": ["css/jQWidgets/images/", "css/jQWidgets/", "css/"], "name": "icon-showpassword-white.png", "ext": "png", "branch": "gh-pages", "type": "file", "bus_factor": [{"knowledge": 100.0, "author": "Javi"}]}, {"dirs": ["css/jQWidgets/images/", "css/jQWidgets/", "css/"], "name": "metro-icon-right - Copy.png", "ext": "png", "branch": "gh-pages", "type": "file", "bus_factor": [{"knowledge": 100.0, "author": "Javi"}]}, {"dirs": ["css/jQWidgets/images/", "css/jQWidgets/", "css/"], "name": "bg_blackhover_horizontal.png", "ext": "png", "branch": "gh-pages", "type": "file", "bus_factor": [{"knowledge": 100.0, "author": "Javi"}]}, {"dirs": ["css/jQWidgets/images/", "css/jQWidgets/", "css/"], "name": "check_blue_indeterminate.png", "ext": "png", "branch": "gh-pages", "type": "file", "bus_factor": [{"knowledge": 100.0, "author": "Javi"}]}, {"dirs": ["css/jQWidgets/images/", "css/jQWidgets/", "css/"], "name": "check_indeterminate_black.png", "ext": "png", "branch": "gh-pages", "type": "file", "bus_factor": [{"knowledge": 100.0, "author": "Javi"}]}, {"dirs": ["css/jQWidgets/images/", "css/jQWidgets/", "css/"], "name": "check_indeterminate_white.png", "ext": "png", "branch": "gh-pages", "type": "file", "bus_factor": [{"knowledge": 100.0, "author": "Javi"}]}, {"dirs": ["css/jQWidgets/images/", "css/jQWidgets/", "css/"], "name": "icon-menu-minimized-white.png", "ext": "png", "branch": "gh-pages", "type": "file", "bus_factor": [{"knowledge": 100.0, "author": "Javi"}]}, {"dirs": ["css/jQWidgets/images/", "css/jQWidgets/", "css/"], "name": "bg_blackpressed_horizontal.png", "ext": "png", "branch": "gh-pages", "type": "file", "bus_factor": [{"knowledge": 100.0, "author": "Javi"}]}, {"dirs": ["css/jQWidgets/images/", "css/jQWidgets/", "css/"], "name": "roundbg_check_indeterminate.png", "ext": "png", "branch": "gh-pages", "type": "file", "bus_factor": [{"knowledge": 100.0, "author": "Javi"}]}, {"dirs": ["css/jQWidgets/images/", "css/jQWidgets/", "css/"], "name": "check_indeterminate_disabled.png", "ext": "png", "branch": "gh-pages", "type": "file", "bus_factor": [{"knowledge": 100.0, "author": "Javi"}]}, {"dirs": ["css/jQWidgets/images/", "css/jQWidgets/", "css/"], "name": "wp_check_indeterminate_white.png", "ext": "png", "branch": "gh-pages", "type": "file", "bus_factor": [{"knowledge": 100.0, "author": "Javi"}]}, {"dirs": ["css/jQWidgets/images/", "css/jQWidgets/", "css/"], "name": "check_lightblue_indeterminate.png", "ext": "png", "branch": "gh-pages", "type": "file", "bus_factor": [{"knowledge": 100.0, "author": "Javi"}]}, {"dirs": ["css/jQWidgets/images/start/", "css/jQWidgets/images/", "css/jQWidgets/", "css/"], "name": "ReadMe.txt", "ext": "txt", "branch": "gh-pages", "type": "file", "bus_factor": [{"knowledge": 100.0, "author": "Belen"}]}, {"dirs": ["css/jQWidgets/images/sunny/", "css/jQWidgets/images/", "css/jQWidgets/", "css/"], "name": "ReadMe.txt", "ext": "txt", "branch": "gh-pages", "type": "file", "bus_factor": [{"knowledge": 100.0, "author": "Belen"}]}, {"dirs": ["css/jQWidgets/images/le-frog/", "css/jQWidgets/images/", "css/jQWidgets/", "css/"], "name": "ReadMe.txt", "ext": "txt", "branch": "gh-pages", "type": "file", "bus_factor": [{"knowledge": 100.0, "author": "Belen"}]}, {"dirs": ["css/jQWidgets/images/redmond/", "css/jQWidgets/images/", "css/jQWidgets/", "css/"], "name": "ReadMe.txt", "ext": "txt", "branch": "gh-pages", "type": "file", "bus_factor": [{"knowledge": 100.0, "author": "Belen"}]}, {"dirs": ["css/jQWidgets/images/darkness/", "css/jQWidgets/images/", "css/jQWidgets/", "css/"], "name": "ReadMe.txt", "ext": "txt", "branch": "gh-pages", "type": "file", "bus_factor": [{"knowledge": 100.0, "author": "Belen"}]}, {"dirs": ["css/jQWidgets/images/overcast/", "css/jQWidgets/images/", "css/jQWidgets/", "css/"], "name": "ReadMe.txt", "ext": "txt", "branch": "gh-pages", "type": "file", "bus_factor": [{"knowledge": 100.0, "author": "Belen"}]}, {"dirs": ["css/jQWidgets/images/lightness/", "css/jQWidgets/images/", "css/jQWidgets/", "css/"], "name": "ReadMe.txt", "ext": "txt", "branch": "gh-pages", "type": "file", "bus_factor": [{"knowledge": 100.0, "author": "Belen"}]}, {"dirs": ["css/jQWidgets/images/redmond/", "css/jQWidgets/images/", "css/jQWidgets/", "css/"], "name": "icon-last.png", "ext": "png", "branch": "gh-pages", "type": "file", "bus_factor": [{"knowledge": 100.0, "author": "Javi"}]}, {"dirs": ["css/jQWidgets/images/smoothness/", "css/jQWidgets/images/", "css/jQWidgets/", "css/"], "name": "ReadMe.txt", "ext": "txt", "branch": "gh-pages", "type": "file", "bus_factor": [{"knowledge": 100.0, "author": "Belen"}]}, {"dirs": ["css/jQWidgets/images/colorpicker/", "css/jQWidgets/images/", "css/jQWidgets/", "css/"], "name": "ReadMe.txt", "ext": "txt", "branch": "gh-pages", "type": "file", "bus_factor": [{"knowledge": 100.0, "author": "Belen"}]}, {"dirs": ["css/jQWidgets/images/redmond/", "css/jQWidgets/images/", "css/jQWidgets/", "css/"], "name": "icon-first.png", "ext": "png", "branch": "gh-pages", "type": "file", "bus_factor": [{"knowledge": 100.0, "author": "Javi"}]}, {"dirs": ["css/jQWidgets/images/colorpicker/", "css/jQWidgets/images/", "css/jQWidgets/", "css/"], "name": "bar-hue.png", "ext": "png", "branch": "gh-pages", "type": "file", "bus_factor": [{"knowledge": 100.0, "author": "Javi"}]}, {"dirs": ["css/jQWidgets/images/colorpicker/", "css/jQWidgets/images/", "css/jQWidgets/", "css/"], "name": "map-hue.png", "ext": "png", "branch": "gh-pages", "type": "file", "bus_factor": [{"knowledge": 100.0, "author": "Javi"}]}, {"dirs": ["css/jQWidgets/images/lightness/", "css/jQWidgets/images/", "css/jQWidgets/", "css/"], "name": "icon-last.png", "ext": "png", "branch": "gh-pages", "type": "file", "bus_factor": [{"knowledge": 100.0, "author": "Javi"}]}, {"dirs": ["css/jQWidgets/images/lightness/", "css/jQWidgets/images/", "css/jQWidgets/", "css/"], "name": "icon-first.png", "ext": "png", "branch": "gh-pages", "type": "file", "bus_factor": [{"knowledge": 100.0, "author": "Javi"}]}, {"dirs": ["css/jQWidgets/images/colorpicker/", "css/jQWidgets/images/", "css/jQWidgets/", "css/"], "name": "bar-saturation.png", "ext": "png", "branch": "gh-pages", "type": "file", "bus_factor": [{"knowledge": 100.0, "author": "Javi"}]}, {"dirs": ["css/jQWidgets/images/colorpicker/", "css/jQWidgets/images/", "css/jQWidgets/", "css/"], "name": "map-saturation.png", "ext": "png", "branch": "gh-pages", "type": "file", "bus_factor": [{"knowledge": 100.0, "author": "Javi"}]}, {"dirs": ["css/jQWidgets/images/start/", "css/jQWidgets/images/", "css/jQWidgets/", "css/"], "name": "ui-icons_0078ae_256x240.png", "ext": "png", "branch": "gh-pages", "type": "file", "bus_factor": [{"knowledge": 100.0, "author": "Javi"}]}, {"dirs": ["css/jQWidgets/images/start/", "css/jQWidgets/images/", "css/jQWidgets/", "css/"], "name": "ui-icons_056b93_256x240.png", "ext": "png", "branch": "gh-pages", "type": "file", "bus_factor": [{"knowledge": 100.0, "author": "Javi"}]}, {"dirs": ["css/jQWidgets/images/start/", "css/jQWidgets/images/", "css/jQWidgets/", "css/"], "name": "ui-icons_d8e7f3_256x240.png", "ext": "png", "branch": "gh-pages", "type": "file", "bus_factor": [{"knowledge": 100.0, "author": "Javi"}]}, {"dirs": ["css/jQWidgets/images/start/", "css/jQWidgets/images/", "css/jQWidgets/", "css/"], "name": "ui-icons_e0fdff_256x240.png", "ext": "png", "branch": "gh-pages", "type": "file", "bus_factor": [{"knowledge": 100.0, "author": "Javi"}]}, {"dirs": ["css/jQWidgets/images/start/", "css/jQWidgets/images/", "css/jQWidgets/", "css/"], "name": "ui-icons_f5e175_256x240.png", "ext": "png", "branch": "gh-pages", "type": "file", "bus_factor": [{"knowledge": 100.0, "author": "Javi"}]}, {"dirs": ["css/jQWidgets/images/start/", "css/jQWidgets/images/", "css/jQWidgets/", "css/"], "name": "ui-icons_f7a50d_256x240.png", "ext": "png", "branch": "gh-pages", "type": "file", "bus_factor": [{"knowledge": 100.0, "author": "Javi"}]}, {"dirs": ["css/jQWidgets/images/start/", "css/jQWidgets/images/", "css/jQWidgets/", "css/"], "name": "ui-icons_fcd113_256x240.png", "ext": "png", "branch": "gh-pages", "type": "file", "bus_factor": [{"knowledge": 100.0, "author": "Javi"}]}, {"dirs": ["css/jQWidgets/images/sunny/", "css/jQWidgets/images/", "css/jQWidgets/", "css/"], "name": "ui-icons_3d3d3d_256x240.png", "ext": "png", "branch": "gh-pages", "type": "file", "bus_factor": [{"knowledge": 100.0, "author": "Javi"}]}, {"dirs": ["css/jQWidgets/images/sunny/", "css/jQWidgets/images/", "css/jQWidgets/", "css/"], "name": "ui-icons_bd7b00_256x240.png", "ext": "png", "branch": "gh-pages", "type": "file", "bus_factor": [{"knowledge": 100.0, "author": "Javi"}]}, {"dirs": ["css/jQWidgets/images/sunny/", "css/jQWidgets/images/", "css/jQWidgets/", "css/"], "name": "ui-icons_d19405_256x240.png", "ext": "png", "branch": "gh-pages", "type": "file", "bus_factor": [{"knowledge": 100.0, "author": "Javi"}]}, {"dirs": ["css/jQWidgets/images/sunny/", "css/jQWidgets/images/", "css/jQWidgets/", "css/"], "name": "ui-icons_eb990f_256x240.png", "ext": "png", "branch": "gh-pages", "type": "file", "bus_factor": [{"knowledge": 100.0, "author": "Javi"}]}, {"dirs": ["css/jQWidgets/images/sunny/", "css/jQWidgets/images/", "css/jQWidgets/", "css/"], "name": "ui-icons_ed9f26_256x240.png", "ext": "png", "branch": "gh-pages", "type": "file", "bus_factor": [{"knowledge": 100.0, "author": "Javi"}]}, {"dirs": ["css/jQWidgets/images/sunny/", "css/jQWidgets/images/", "css/jQWidgets/", "css/"], "name": "ui-icons_fadc7a_256x240.png", "ext": "png", "branch": "gh-pages", "type": "file", "bus_factor": [{"knowledge": 100.0, "author": "Javi"}]}, {"dirs": ["css/jQWidgets/images/sunny/", "css/jQWidgets/images/", "css/jQWidgets/", "css/"], "name": "ui-icons_ffe180_256x240.png", "ext": "png", "branch": "gh-pages", "type": "file", "bus_factor": [{"knowledge": 100.0, "author": "Javi"}]}, {"dirs": ["css/jQWidgets/images/le-frog/", "css/jQWidgets/images/", "css/jQWidgets/", "css/"], "name": "ui-icons_4eb305_256x240.png", "ext": "png", "branch": "gh-pages", "type": "file", "bus_factor": [{"knowledge": 100.0, "author": "Javi"}]}, {"dirs": ["css/jQWidgets/images/le-frog/", "css/jQWidgets/images/", "css/jQWidgets/", "css/"], "name": "ui-icons_72b42d_256x240.png", "ext": "png", "branch": "gh-pages", "type": "file", "bus_factor": [{"knowledge": 100.0, "author": "Javi"}]}, {"dirs": ["css/jQWidgets/images/le-frog/", "css/jQWidgets/images/", "css/jQWidgets/", "css/"], "name": "ui-icons_cd0a0a_256x240.png", "ext": "png", "branch": "gh-pages", "type": "file", "bus_factor": [{"knowledge": 100.0, "author": "Javi"}]}, {"dirs": ["css/jQWidgets/images/le-frog/", "css/jQWidgets/images/", "css/jQWidgets/", "css/"], "name": "ui-icons_ffffff_256x240.png", "ext": "png", "branch": "gh-pages", "type": "file", "bus_factor": [{"knowledge": 100.0, "author": "Javi"}]}, {"dirs": ["css/jQWidgets/images/redmond/", "css/jQWidgets/images/", "css/jQWidgets/", "css/"], "name": "ui-icons_217bc0_256x240.png", "ext": "png", "branch": "gh-pages", "type": "file", "bus_factor": [{"knowledge": 100.0, "author": "Javi"}]}, {"dirs": ["css/jQWidgets/images/redmond/", "css/jQWidgets/images/", "css/jQWidgets/", "css/"], "name": "ui-icons_2e83ff_256x240.png", "ext": "png", "branch": "gh-pages", "type": "file", "bus_factor": [{"knowledge": 100.0, "author": "Javi"}]}, {"dirs": ["css/jQWidgets/images/redmond/", "css/jQWidgets/images/", "css/jQWidgets/", "css/"], "name": "ui-icons_469bdd_256x240.png", "ext": "png", "branch": "gh-pages", "type": "file", "bus_factor": [{"knowledge": 100.0, "author": "Javi"}]}, {"dirs": ["css/jQWidgets/images/redmond/", "css/jQWidgets/images/", "css/jQWidgets/", "css/"], "name": "ui-icons_6da8d5_256x240.png", "ext": "png", "branch": "gh-pages", "type": "file", "bus_factor": [{"knowledge": 100.0, "author": "Javi"}]}, {"dirs": ["css/jQWidgets/images/redmond/", "css/jQWidgets/images/", "css/jQWidgets/", "css/"], "name": "ui-icons_cd0a0a_256x240.png", "ext": "png", "branch": "gh-pages", "type": "file", "bus_factor": [{"knowledge": 100.0, "author": "Javi"}]}, {"dirs": ["css/jQWidgets/images/redmond/", "css/jQWidgets/images/", "css/jQWidgets/", "css/"], "name": "ui-icons_d8e7f3_256x240.png", "ext": "png", "branch": "gh-pages", "type": "file", "bus_factor": [{"knowledge": 100.0, "author": "Javi"}]}, {"dirs": ["css/jQWidgets/images/redmond/", "css/jQWidgets/images/", "css/jQWidgets/", "css/"], "name": "ui-icons_f9bd01_256x240.png", "ext": "png", "branch": "gh-pages", "type": "file", "bus_factor": [{"knowledge": 100.0, "author": "Javi"}]}, {"dirs": ["css/jQWidgets/images/darkness/", "css/jQWidgets/images/", "css/jQWidgets/", "css/"], "name": "ui-icons_222222_256x240.png", "ext": "png", "branch": "gh-pages", "type": "file", "bus_factor": [{"knowledge": 100.0, "author": "Javi"}]}, {"dirs": ["css/jQWidgets/images/darkness/", "css/jQWidgets/images/", "css/jQWidgets/", "css/"], "name": "ui-icons_4b8e0b_256x240.png", "ext": "png", "branch": "gh-pages", "type": "file", "bus_factor": [{"knowledge": 100.0, "author": "Javi"}]}, {"dirs": ["css/jQWidgets/images/darkness/", "css/jQWidgets/images/", "css/jQWidgets/", "css/"], "name": "ui-icons_a83300_256x240.png", "ext": "png", "branch": "gh-pages", "type": "file", "bus_factor": [{"knowledge": 100.0, "author": "Javi"}]}, {"dirs": ["css/jQWidgets/images/darkness/", "css/jQWidgets/images/", "css/jQWidgets/", "css/"], "name": "ui-icons_cccccc_256x240.png", "ext": "png", "branch": "gh-pages", "type": "file", "bus_factor": [{"knowledge": 100.0, "author": "Javi"}]}, {"dirs": ["css/jQWidgets/images/darkness/", "css/jQWidgets/images/", "css/jQWidgets/", "css/"], "name": "ui-icons_ffffff_256x240.png", "ext": "png", "branch": "gh-pages", "type": "file", "bus_factor": [{"knowledge": 100.0, "author": "Javi"}]}, {"dirs": ["css/jQWidgets/images/overcast/", "css/jQWidgets/images/", "css/jQWidgets/", "css/"], "name": "ui-icons_3383bb_256x240.png", "ext": "png", "branch": "gh-pages", "type": "file", "bus_factor": [{"knowledge": 100.0, "author": "Javi"}]}, {"dirs": ["css/jQWidgets/images/overcast/", "css/jQWidgets/images/", "css/jQWidgets/", "css/"], "name": "ui-icons_454545_256x240.png", "ext": "png", "branch": "gh-pages", "type": "file", "bus_factor": [{"knowledge": 100.0, "author": "Javi"}]}, {"dirs": ["css/jQWidgets/images/overcast/", "css/jQWidgets/images/", "css/jQWidgets/", "css/"], "name": "ui-icons_70b2e1_256x240.png", "ext": "png", "branch": "gh-pages", "type": "file", "bus_factor": [{"knowledge": 100.0, "author": "Javi"}]}, {"dirs": ["css/jQWidgets/images/overcast/", "css/jQWidgets/images/", "css/jQWidgets/", "css/"], "name": "ui-icons_999999_256x240.png", "ext": "png", "branch": "gh-pages", "type": "file", "bus_factor": [{"knowledge": 100.0, "author": "Javi"}]}, {"dirs": ["css/jQWidgets/images/overcast/", "css/jQWidgets/images/", "css/jQWidgets/", "css/"], "name": "ui-icons_fbc856_256x240.png", "ext": "png", "branch": "gh-pages", "type": "file", "bus_factor": [{"knowledge": 100.0, "author": "Javi"}]}, {"dirs": ["css/jQWidgets/images/lightness/", "css/jQWidgets/images/", "css/jQWidgets/", "css/"], "name": "ui-icons_222222_256x240.png", "ext": "png", "branch": "gh-pages", "type": "file", "bus_factor": [{"knowledge": 100.0, "author": "Javi"}]}, {"dirs": ["css/jQWidgets/images/lightness/", "css/jQWidgets/images/", "css/jQWidgets/", "css/"], "name": "ui-icons_228ef1_256x240.png", "ext": "png", "branch": "gh-pages", "type": "file", "bus_factor": [{"knowledge": 100.0, "author": "Javi"}]}, {"dirs": ["css/jQWidgets/images/lightness/", "css/jQWidgets/images/", "css/jQWidgets/", "css/"], "name": "ui-icons_ef8c08_256x240.png", "ext": "png", "branch": "gh-pages", "type": "file", "bus_factor": [{"knowledge": 100.0, "author": "Javi"}]}, {"dirs": ["css/jQWidgets/images/lightness/", "css/jQWidgets/images/", "css/jQWidgets/", "css/"], "name": "ui-icons_ffd27a_256x240.png", "ext": "png", "branch": "gh-pages", "type": "file", "bus_factor": [{"knowledge": 100.0, "author": "Javi"}]}, {"dirs": ["css/jQWidgets/images/lightness/", "css/jQWidgets/images/", "css/jQWidgets/", "css/"], "name": "ui-icons_ffffff_256x240.png", "ext": "png", "branch": "gh-pages", "type": "file", "bus_factor": [{"knowledge": 100.0, "author": "Javi"}]}, {"dirs": ["css/jQWidgets/images/start/", "css/jQWidgets/images/", "css/jQWidgets/", "css/"], "name": "ui-bg_flat_55_999999_40x100.png", "ext": "png", "branch": "gh-pages", "type": "file", "bus_factor": [{"knowledge": 100.0, "author": "Javi"}]}, {"dirs": ["css/jQWidgets/images/start/", "css/jQWidgets/images/", "css/jQWidgets/", "css/"], "name": "ui-bg_flat_75_aaaaaa_40x100.png", "ext": "png", "branch": "gh-pages", "type": "file", "bus_factor": [{"knowledge": 100.0, "author": "Javi"}]}, {"dirs": ["css/jQWidgets/images/start/", "css/jQWidgets/images/", "css/jQWidgets/", "css/"], "name": "ui-bg_glass_45_0078ae_1x400.png", "ext": "png", "branch": "gh-pages", "type": "file", "bus_factor": [{"knowledge": 100.0, "author": "Javi"}]}, {"dirs": ["css/jQWidgets/images/start/", "css/jQWidgets/images/", "css/jQWidgets/", "css/"], "name": "ui-bg_glass_55_f8da4e_1x400.png", "ext": "png", "branch": "gh-pages", "type": "file", "bus_factor": [{"knowledge": 100.0, "author": "Javi"}]}, {"dirs": ["css/jQWidgets/images/start/", "css/jQWidgets/images/", "css/jQWidgets/", "css/"], "name": "ui-bg_glass_75_79c9ec_1x400.png", "ext": "png", "branch": "gh-pages", "type": "file", "bus_factor": [{"knowledge": 100.0, "author": "Javi"}]}, {"dirs": ["css/jQWidgets/images/sunny/", "css/jQWidgets/images/", "css/jQWidgets/", "css/"], "name": "ui-bg_flat_30_cccccc_40x100.png", "ext": "png", "branch": "gh-pages", "type": "file", "bus_factor": [{"knowledge": 100.0, "author": "Javi"}]}, {"dirs": ["css/jQWidgets/images/sunny/", "css/jQWidgets/images/", "css/jQWidgets/", "css/"], "name": "ui-bg_flat_50_5c5c5c_40x100.png", "ext": "png", "branch": "gh-pages", "type": "file", "bus_factor": [{"knowledge": 100.0, "author": "Javi"}]}, {"dirs": ["css/jQWidgets/images/colorpicker/", "css/jQWidgets/images/", "css/jQWidgets/", "css/"], "name": "map-saturation-overlay.png", "ext": "png", "branch": "gh-pages", "type": "file", "bus_factor": [{"knowledge": 100.0, "author": "Javi"}]}, {"dirs": ["css/jQWidgets/images/redmond/", "css/jQWidgets/images/", "css/jQWidgets/", "css/"], "name": "ui-bg_flat_0_aaaaaa_40x100.png", "ext": "png", "branch": "gh-pages", "type": "file", "bus_factor": [{"knowledge": 100.0, "author": "Javi"}]}, {"dirs": ["css/jQWidgets/images/smoothness/", "css/jQWidgets/images/", "css/jQWidgets/", "css/"], "name": "ui-icons_222222_256x240.png", "ext": "png", "branch": "gh-pages", "type": "file", "bus_factor": [{"knowledge": 100.0, "author": "Javi"}]}, {"dirs": ["css/jQWidgets/images/smoothness/", "css/jQWidgets/images/", "css/jQWidgets/", "css/"], "name": "ui-icons_2e83ff_256x240.png", "ext": "png", "branch": "gh-pages", "type": "file", "bus_factor": [{"knowledge": 100.0, "author": "Javi"}]}, {"dirs": ["css/jQWidgets/images/smoothness/", "css/jQWidgets/images/", "css/jQWidgets/", "css/"], "name": "ui-icons_454545_256x240.png", "ext": "png", "branch": "gh-pages", "type": "file", "bus_factor": [{"knowledge": 100.0, "author": "Javi"}]}, {"dirs": ["css/jQWidgets/images/smoothness/", "css/jQWidgets/images/", "css/jQWidgets/", "css/"], "name": "ui-icons_888888_256x240.png", "ext": "png", "branch": "gh-pages", "type": "file", "bus_factor": [{"knowledge": 100.0, "author": "Javi"}]}, {"dirs": ["css/jQWidgets/images/smoothness/", "css/jQWidgets/images/", "css/jQWidgets/", "css/"], "name": "ui-icons_cd0a0a_256x240.png", "ext": "png", "branch": "gh-pages", "type": "file", "bus_factor": [{"knowledge": 100.0, "author": "Javi"}]}, {"dirs": ["css/jQWidgets/images/le-frog/", "css/jQWidgets/images/", "css/jQWidgets/", "css/"], "name": "ui-bg_glass_55_fbf5d0_1x400.png", "ext": "png", "branch": "gh-pages", "type": "file", "bus_factor": [{"knowledge": 100.0, "author": "Javi"}]}, {"dirs": ["css/jQWidgets/images/overcast/", "css/jQWidgets/images/", "css/jQWidgets/", "css/"], "name": "ui-bg_flat_0_aaaaaa_40x100.png", "ext": "png", "branch": "gh-pages", "type": "file", "bus_factor": [{"knowledge": 100.0, "author": "Javi"}]}, {"dirs": ["css/jQWidgets/images/overcast/", "css/jQWidgets/images/", "css/jQWidgets/", "css/"], "name": "ui-bg_flat_0_eeeeee_40x100.png", "ext": "png", "branch": "gh-pages", "type": "file", "bus_factor": [{"knowledge": 100.0, "author": "Javi"}]}, {"dirs": ["css/jQWidgets/images/redmond/", "css/jQWidgets/images/", "css/jQWidgets/", "css/"], "name": "ui-bg_flat_55_fbec88_40x100.png", "ext": "png", "branch": "gh-pages", "type": "file", "bus_factor": [{"knowledge": 100.0, "author": "Javi"}]}, {"dirs": ["css/jQWidgets/images/redmond/", "css/jQWidgets/images/", "css/jQWidgets/", "css/"], "name": "ui-bg_glass_75_d0e5f5_1x400.png", "ext": "png", "branch": "gh-pages", "type": "file", "bus_factor": [{"knowledge": 100.0, "author": "Javi"}]}, {"dirs": ["css/jQWidgets/images/redmond/", "css/jQWidgets/images/", "css/jQWidgets/", "css/"], "name": "ui-bg_glass_85_dfeffc_1x400.png", "ext": "png", "branch": "gh-pages", "type": "file", "bus_factor": [{"knowledge": 100.0, "author": "Javi"}]}, {"dirs": ["css/jQWidgets/images/redmond/", "css/jQWidgets/images/", "css/jQWidgets/", "css/"], "name": "ui-bg_glass_95_fef1ec_1x400.png", "ext": "png", "branch": "gh-pages", "type": "file", "bus_factor": [{"knowledge": 100.0, "author": "Javi"}]}, {"dirs": ["css/jQWidgets/images/darkness/", "css/jQWidgets/images/", "css/jQWidgets/", "css/"], "name": "ui-bg_flat_30_cccccc_40x100.png", "ext": "png", "branch": "gh-pages", "type": "file", "bus_factor": [{"knowledge": 100.0, "author": "Javi"}]}, {"dirs": ["css/jQWidgets/images/darkness/", "css/jQWidgets/images/", "css/jQWidgets/", "css/"], "name": "ui-bg_flat_50_5c5c5c_40x100.png", "ext": "png", "branch": "gh-pages", "type": "file", "bus_factor": [{"knowledge": 100.0, "author": "Javi"}]}, {"dirs": ["css/jQWidgets/images/darkness/", "css/jQWidgets/images/", "css/jQWidgets/", "css/"], "name": "ui-bg_glass_20_555555_1x400.png", "ext": "png", "branch": "gh-pages", "type": "file", "bus_factor": [{"knowledge": 100.0, "author": "Javi"}]}, {"dirs": ["css/jQWidgets/images/darkness/", "css/jQWidgets/images/", "css/jQWidgets/", "css/"], "name": "ui-bg_glass_40_0078a3_1x400.png", "ext": "png", "branch": "gh-pages", "type": "file", "bus_factor": [{"knowledge": 100.0, "author": "Javi"}]}, {"dirs": ["css/jQWidgets/images/darkness/", "css/jQWidgets/images/", "css/jQWidgets/", "css/"], "name": "ui-bg_glass_40_ffc73d_1x400.png", "ext": "png", "branch": "gh-pages", "type": "file", "bus_factor": [{"knowledge": 100.0, "author": "Javi"}]}, {"dirs": ["css/jQWidgets/images/overcast/", "css/jQWidgets/images/", "css/jQWidgets/", "css/"], "name": "ui-bg_flat_55_c0402a_40x100.png", "ext": "png", "branch": "gh-pages", "type": "file", "bus_factor": [{"knowledge": 100.0, "author": "Javi"}]}, {"dirs": ["css/jQWidgets/images/overcast/", "css/jQWidgets/images/", "css/jQWidgets/", "css/"], "name": "ui-bg_flat_55_eeeeee_40x100.png", "ext": "png", "branch": "gh-pages", "type": "file", "bus_factor": [{"knowledge": 100.0, "author": "Javi"}]}, {"dirs": ["css/jQWidgets/images/overcast/", "css/jQWidgets/images/", "css/jQWidgets/", "css/"], "name": "ui-bg_glass_35_dddddd_1x400.png", "ext": "png", "branch": "gh-pages", "type": "file", "bus_factor": [{"knowledge": 100.0, "author": "Javi"}]}, {"dirs": ["css/jQWidgets/images/overcast/", "css/jQWidgets/images/", "css/jQWidgets/", "css/"], "name": "ui-bg_glass_60_eeeeee_1x400.png", "ext": "png", "branch": "gh-pages", "type": "file", "bus_factor": [{"knowledge": 100.0, "author": "Javi"}]}, {"dirs": ["css/jQWidgets/images/lightness/", "css/jQWidgets/images/", "css/jQWidgets/", "css/"], "name": "ui-bg_flat_10_000000_40x100.png", "ext": "png", "branch": "gh-pages", "type": "file", "bus_factor": [{"knowledge": 100.0, "author": "Javi"}]}, {"dirs": ["css/jQWidgets/images/lightness/", "css/jQWidgets/images/", "css/jQWidgets/", "css/"], "name": "ui-bg_glass_65_ffffff_1x400.png", "ext": "png", "branch": "gh-pages", "type": "file", "bus_factor": [{"knowledge": 100.0, "author": "Javi"}]}, {"dirs": ["css/jQWidgets/images/overcast/", "css/jQWidgets/images/", "css/jQWidgets/", "css/"], "name": "ui-bg_glass_100_f8f8f8_1x400.png", "ext": "png", "branch": "gh-pages", "type": "file", "bus_factor": [{"knowledge": 100.0, "author": "Javi"}]}, {"dirs": ["css/jQWidgets/images/smoothness/", "css/jQWidgets/images/", "css/jQWidgets/", "css/"], "name": "ui-bg_flat_0_aaaaaa_40x100.png", "ext": "png", "branch": "gh-pages", "type": "file", "bus_factor": [{"knowledge": 100.0, "author": "Javi"}]}, {"dirs": ["css/jQWidgets/images/lightness/", "css/jQWidgets/images/", "css/jQWidgets/", "css/"], "name": "ui-bg_glass_100_f6f6f6_1x400.png", "ext": "png", "branch": "gh-pages", "type": "file", "bus_factor": [{"knowledge": 100.0, "author": "Javi"}]}, {"dirs": ["css/jQWidgets/images/lightness/", "css/jQWidgets/images/", "css/jQWidgets/", "css/"], "name": "ui-bg_glass_100_fdf5ce_1x400.png", "ext": "png", "branch": "gh-pages", "type": "file", "bus_factor": [{"knowledge": 100.0, "author": "Javi"}]}, {"dirs": ["css/jQWidgets/images/smoothness/", "css/jQWidgets/images/", "css/jQWidgets/", "css/"], "name": "ui-bg_flat_75_ffffff_40x100.png", "ext": "png", "branch": "gh-pages", "type": "file", "bus_factor": [{"knowledge": 100.0, "author": "Javi"}]}, {"dirs": ["css/jQWidgets/images/smoothness/", "css/jQWidgets/images/", "css/jQWidgets/", "css/"], "name": "ui-bg_glass_55_fbf9ee_1x400.png", "ext": "png", "branch": "gh-pages", "type": "file", "bus_factor": [{"knowledge": 100.0, "author": "Javi"}]}, {"dirs": ["css/jQWidgets/images/smoothness/", "css/jQWidgets/images/", "css/jQWidgets/", "css/"], "name": "ui-bg_glass_65_ffffff_1x400.png", "ext": "png", "branch": "gh-pages", "type": "file", "bus_factor": [{"knowledge": 100.0, "author": "Javi"}]}, {"dirs": ["css/jQWidgets/images/smoothness/", "css/jQWidgets/images/", "css/jQWidgets/", "css/"], "name": "ui-bg_glass_75_dadada_1x400.png", "ext": "png", "branch": "gh-pages", "type": "file", "bus_factor": [{"knowledge": 100.0, "author": "Javi"}]}, {"dirs": ["css/jQWidgets/images/smoothness/", "css/jQWidgets/images/", "css/jQWidgets/", "css/"], "name": "ui-bg_glass_75_e6e6e6_1x400.png", "ext": "png", "branch": "gh-pages", "type": "file", "bus_factor": [{"knowledge": 100.0, "author": "Javi"}]}, {"dirs": ["css/jQWidgets/images/smoothness/", "css/jQWidgets/images/", "css/jQWidgets/", "css/"], "name": "ui-bg_glass_95_fef1ec_1x400.png", "ext": "png", "branch": "gh-pages", "type": "file", "bus_factor": [{"knowledge": 100.0, "author": "Javi"}]}, {"dirs": ["css/jQWidgets/images/sunny/", "css/jQWidgets/images/", "css/jQWidgets/", "css/"], "name": "ui-bg_inset-soft_30_ffffff_1x100.png", "ext": "png", "branch": "gh-pages", "type": "file", "bus_factor": [{"knowledge": 100.0, "author": "Javi"}]}, {"dirs": ["css/jQWidgets/images/start/", "css/jQWidgets/images/", "css/jQWidgets/", "css/"], "name": "ui-bg_inset-hard_100_fcfdfd_1x100.png", "ext": "png", "branch": "gh-pages", "type": "file", "bus_factor": [{"knowledge": 100.0, "author": "Javi"}]}, {"dirs": ["css/jQWidgets/images/le-frog/", "css/jQWidgets/images/", "css/jQWidgets/", "css/"], "name": "ui-bg_inset-soft_10_285c00_1x100.png", "ext": "png", "branch": "gh-pages", "type": "file", "bus_factor": [{"knowledge": 100.0, "author": "Javi"}]}, {"dirs": ["css/jQWidgets/images/start/", "css/jQWidgets/images/", "css/jQWidgets/", "css/"], "name": "ui-bg_gloss-wave_45_e14f1c_500x100.png", "ext": "png", "branch": "gh-pages", "type": "file", "bus_factor": [{"knowledge": 100.0, "author": "Javi"}]}, {"dirs": ["css/jQWidgets/images/start/", "css/jQWidgets/images/", "css/jQWidgets/", "css/"], "name": "ui-bg_gloss-wave_50_6eac2c_500x100.png", "ext": "png", "branch": "gh-pages", "type": "file", "bus_factor": [{"knowledge": 100.0, "author": "Javi"}]}, {"dirs": ["css/jQWidgets/images/start/", "css/jQWidgets/images/", "css/jQWidgets/", "css/"], "name": "ui-bg_gloss-wave_75_2191c0_500x100.png", "ext": "png", "branch": "gh-pages", "type": "file", "bus_factor": [{"knowledge": 100.0, "author": "Javi"}]}, {"dirs": ["css/jQWidgets/images/sunny/", "css/jQWidgets/images/", "css/jQWidgets/", "css/"], "name": "ui-bg_gloss-wave_45_817865_500x100.png", "ext": "png", "branch": "gh-pages", "type": "file", "bus_factor": [{"knowledge": 100.0, "author": "Javi"}]}, {"dirs": ["css/jQWidgets/images/sunny/", "css/jQWidgets/images/", "css/jQWidgets/", "css/"], "name": "ui-bg_gloss-wave_60_fece2f_500x100.png", "ext": "png", "branch": "gh-pages", "type": "file", "bus_factor": [{"knowledge": 100.0, "author": "Javi"}]}, {"dirs": ["css/jQWidgets/images/sunny/", "css/jQWidgets/images/", "css/jQWidgets/", "css/"], "name": "ui-bg_gloss-wave_70_ffdd57_500x100.png", "ext": "png", "branch": "gh-pages", "type": "file", "bus_factor": [{"knowledge": 100.0, "author": "Javi"}]}, {"dirs": ["css/jQWidgets/images/sunny/", "css/jQWidgets/images/", "css/jQWidgets/", "css/"], "name": "ui-bg_gloss-wave_90_fff9e5_500x100.png", "ext": "png", "branch": "gh-pages", "type": "file", "bus_factor": [{"knowledge": 100.0, "author": "Javi"}]}, {"dirs": ["css/jQWidgets/images/darkness/", "css/jQWidgets/images/", "css/jQWidgets/", "css/"], "name": "ui-bg_inset-soft_25_000000_1x100.png", "ext": "png", "branch": "gh-pages", "type": "file", "bus_factor": [{"knowledge": 100.0, "author": "Javi"}]}, {"dirs": ["css/jQWidgets/images/darkness/", "css/jQWidgets/images/", "css/jQWidgets/", "css/"], "name": "ui-bg_inset-soft_30_f58400_1x100.png", "ext": "png", "branch": "gh-pages", "type": "file", "bus_factor": [{"knowledge": 100.0, "author": "Javi"}]}, {"dirs": ["css/jQWidgets/images/overcast/", "css/jQWidgets/images/", "css/jQWidgets/", "css/"], "name": "ui-bg_inset-hard_75_999999_1x100.png", "ext": "png", "branch": "gh-pages", "type": "file", "bus_factor": [{"knowledge": 100.0, "author": "Javi"}]}, {"dirs": ["css/jQWidgets/images/overcast/", "css/jQWidgets/images/", "css/jQWidgets/", "css/"], "name": "ui-bg_inset-soft_50_c9c9c9_1x100.png", "ext": "png", "branch": "gh-pages", "type": "file", "bus_factor": [{"knowledge": 100.0, "author": "Javi"}]}, {"dirs": ["css/jQWidgets/images/redmond/", "css/jQWidgets/images/", "css/jQWidgets/", "css/"], "name": "ui-bg_inset-hard_100_f5f8f9_1x100.png", "ext": "png", "branch": "gh-pages", "type": "file", "bus_factor": [{"knowledge": 100.0, "author": "Javi"}]}, {"dirs": ["css/jQWidgets/images/redmond/", "css/jQWidgets/images/", "css/jQWidgets/", "css/"], "name": "ui-bg_inset-hard_100_fcfdfd_1x100.png", "ext": "png", "branch": "gh-pages", "type": "file", "bus_factor": [{"knowledge": 100.0, "author": "Javi"}]}, {"dirs": ["css/jQWidgets/images/redmond/", "css/jQWidgets/images/", "css/jQWidgets/", "css/"], "name": "ui-bg_gloss-wave_55_5c9ccc_500x100.png", "ext": "png", "branch": "gh-pages", "type": "file", "bus_factor": [{"knowledge": 100.0, "author": "Javi"}]}, {"dirs": ["css/jQWidgets/images/darkness/", "css/jQWidgets/images/", "css/jQWidgets/", "css/"], "name": "ui-bg_gloss-wave_25_333333_500x100.png", "ext": "png", "branch": "gh-pages", "type": "file", "bus_factor": [{"knowledge": 100.0, "author": "Javi"}]}, {"dirs": ["css/jQWidgets/images/sunny/", "css/jQWidgets/images/", "css/jQWidgets/", "css/"], "name": "ui-bg_highlight-soft_100_feeebd_1x100.png", "ext": "png", "branch": "gh-pages", "type": "file", "bus_factor": [{"knowledge": 100.0, "author": "Javi"}]}, {"dirs": ["css/jQWidgets/images/le-frog/", "css/jQWidgets/images/", "css/jQWidgets/", "css/"], "name": "ui-bg_diagonals-small_0_aaaaaa_40x40.png", "ext": "png", "branch": "gh-pages", "type": "file", "bus_factor": [{"knowledge": 100.0, "author": "Javi"}]}, {"dirs": ["css/jQWidgets/images/le-frog/", "css/jQWidgets/images/", "css/jQWidgets/", "css/"], "name": "ui-bg_highlight-hard_30_285c00_1x100.png", "ext": "png", "branch": "gh-pages", "type": "file", "bus_factor": [{"knowledge": 100.0, "author": "Javi"}]}, {"dirs": ["css/jQWidgets/images/le-frog/", "css/jQWidgets/images/", "css/jQWidgets/", "css/"], "name": "ui-bg_highlight-soft_33_3a8104_1x100.png", "ext": "png", "branch": "gh-pages", "type": "file", "bus_factor": [{"knowledge": 100.0, "author": "Javi"}]}, {"dirs": ["css/jQWidgets/images/le-frog/", "css/jQWidgets/images/", "css/jQWidgets/", "css/"], "name": "ui-bg_highlight-soft_50_4eb305_1x100.png", "ext": "png", "branch": "gh-pages", "type": "file", "bus_factor": [{"knowledge": 100.0, "author": "Javi"}]}, {"dirs": ["css/jQWidgets/images/le-frog/", "css/jQWidgets/images/", "css/jQWidgets/", "css/"], "name": "ui-bg_highlight-soft_60_4ca20b_1x100.png", "ext": "png", "branch": "gh-pages", "type": "file", "bus_factor": [{"knowledge": 100.0, "author": "Javi"}]}, {"dirs": ["css/jQWidgets/images/lightness/", "css/jQWidgets/images/", "css/jQWidgets/", "css/"], "name": "ui-bg_gloss-wave_35_f6a828_500x100.png", "ext": "png", "branch": "gh-pages", "type": "file", "bus_factor": [{"knowledge": 100.0, "author": "Javi"}]}, {"dirs": ["css/jQWidgets/images/sunny/", "css/jQWidgets/images/", "css/jQWidgets/", "css/"], "name": "ui-bg_diagonals-medium_20_d34d17_40x40.png", "ext": "png", "branch": "gh-pages", "type": "file", "bus_factor": [{"knowledge": 100.0, "author": "Javi"}]}, {"dirs": ["css/jQWidgets/images/darkness/", "css/jQWidgets/images/", "css/jQWidgets/", "css/"], "name": "ui-bg_highlight-soft_80_eeeeee_1x100.png", "ext": "png", "branch": "gh-pages", "type": "file", "bus_factor": [{"knowledge": 100.0, "author": "Javi"}]}, {"dirs": ["css/jQWidgets/images/le-frog/", "css/jQWidgets/images/", "css/jQWidgets/", "css/"], "name": "ui-bg_diagonals-thick_15_444444_40x40.png", "ext": "png", "branch": "gh-pages", "type": "file", "bus_factor": [{"knowledge": 100.0, "author": "Javi"}]}, {"dirs": ["css/jQWidgets/images/le-frog/", "css/jQWidgets/images/", "css/jQWidgets/", "css/"], "name": "ui-bg_diagonals-thick_95_ffdc2e_40x40.png", "ext": "png", "branch": "gh-pages", "type": "file", "bus_factor": [{"knowledge": 100.0, "author": "Javi"}]}, {"dirs": ["css/jQWidgets/images/lightness/", "css/jQWidgets/images/", "css/jQWidgets/", "css/"], "name": "ui-bg_highlight-soft_75_ffe45c_1x100.png", "ext": "png", "branch": "gh-pages", "type": "file", "bus_factor": [{"knowledge": 100.0, "author": "Javi"}]}, {"dirs": ["css/jQWidgets/images/lightness/", "css/jQWidgets/images/", "css/jQWidgets/", "css/"], "name": "ui-bg_diagonals-thick_18_b81900_40x40.png", "ext": "png", "branch": "gh-pages", "type": "file", "bus_factor": [{"knowledge": 100.0, "author": "Javi"}]}, {"dirs": ["css/jQWidgets/images/lightness/", "css/jQWidgets/images/", "css/jQWidgets/", "css/"], "name": "ui-bg_diagonals-thick_20_666666_40x40.png", "ext": "png", "branch": "gh-pages", "type": "file", "bus_factor": [{"knowledge": 100.0, "author": "Javi"}]}, {"dirs": ["css/jQWidgets/images/lightness/", "css/jQWidgets/images/", "css/jQWidgets/", "css/"], "name": "ui-bg_highlight-soft_100_eeeeee_1x100.png", "ext": "png", "branch": "gh-pages", "type": "file", "bus_factor": [{"knowledge": 100.0, "author": "Javi"}]}, {"dirs": ["css/jQWidgets/images/smoothness/", "css/jQWidgets/images/", "css/jQWidgets/", "css/"], "name": "ui-bg_highlight-soft_75_cccccc_1x100.png", "ext": "png", "branch": "gh-pages", "type": "file", "bus_factor": [{"knowledge": 100.0, "author": "Javi"}]}, {"dirs": [], "name": "README.md", "ext": "md", "branch": "master", "type": "file", "bus_factor": [{"knowledge": 87.67, "author": "Belen"}]}, {"dirs": [], "name": ".gitignore", "ext": "gitignore", "branch": "master", "type": "file", "bus_factor": [{"knowledge": 100.0, "author": "Belen"}]}, {"dirs": ["web-server/labelAnalysisServer/", "web-server/"], "name": ".project", "ext": "project", "branch": "master", "type": "file", "bus_factor": [{"knowledge": 100.0, "author": "Belen"}]}, {"dirs": ["database/old-scripts/", "database/"], "name": "lb_label_issues.sql", "ext": "sql", "branch": "master", "type": "file", "bus_factor": [{"knowledge": 100.0, "author": "Javi"}]}, {"dirs": ["web-server/labelAnalysisServer/", "web-server/"], "name": ".classpath", "ext": "classpath", "branch": "master", "type": "file", "bus_factor": [{"knowledge": 62.5, "author": "Belen"}, {"knowledge": 37.5, "author": "Javi"}]}, {"dirs": ["web-server/labelAnalysisServer/", "web-server/"], "name": ".gitignore", "ext": "gitignore", "branch": "master", "type": "file", "bus_factor": [{"knowledge": 100.0, "author": "Belen"}]}, {"dirs": ["database/old-scripts/", "database/"], "name": "_issue_resolution.sql", "ext": "sql", "branch": "master", "type": "file", "bus_factor": [{"knowledge": 100.0, "author": "Belen"}]}, {"dirs": ["database/old-scripts/", "database/"], "name": "_issue_contribution.sql", "ext": "sql", "branch": "master", "type": "file", "bus_factor": [{"knowledge": 100.0, "author": "Belen"}]}, {"dirs": ["database/old-scripts/", "database/"], "name": "_issue_reaction_time.sql", "ext": "sql", "branch": "master", "type": "file", "bus_factor": [{"knowledge": 100.0, "author": "Belen"}]}, {"dirs": ["database/old-scripts/", "database/"], "name": "issue label comments.sql", "ext": "sql", "branch": "master", "type": "file", "bus_factor": [{"knowledge": 87.5, "author": "Javi"}]}, {"dirs": ["database/old-scripts/", "database/"], "name": "lb_label_basic_stats.sql", "ext": "sql", "branch": "master", "type": "file", "bus_factor": [{"knowledge": 100.0, "author": "Javi"}]}, {"dirs": ["database/old-scripts/", "database/"], "name": "lb_label_max_creators.sql", "ext": "sql", "branch": "master", "type": "file", "bus_factor": [{"knowledge": 100.0, "author": "Javi"}]}, {"dirs": ["database/current-scripts/", "database/"], "name": "scripts-all-in-one.sql", "ext": "sql", "branch": "master", "type": "file", "bus_factor": [{"knowledge": 77.62, "author": "Valerio"}]}, {"dirs": ["database/old-scripts/", "database/"], "name": "_issue_resolution_time.sql", "ext": "sql", "branch": "master", "type": "file", "bus_factor": [{"knowledge": 100.0, "author": "Belen"}]}, {"dirs": ["database/old-scripts/", "database/"], "name": "create project_user_role.sql", "ext": "sql", "branch": "master", "type": "file", "bus_factor": [{"knowledge": 100.0, "author": "Belen"}]}, {"dirs": ["database/old-scripts/", "database/"], "name": "issue_contribution_stats.sql", "ext": "sql", "branch": "master", "type": "file", "bus_factor": [{"knowledge": 100.0, "author": "Belen"}]}, {"dirs": ["database/old-scripts/", "database/"], "name": "lb_label_max_contributor.sql", "ext": "sql", "branch": "master", "type": "file", "bus_factor": [{"knowledge": 100.0, "author": "Javi"}]}, {"dirs": ["database/current-scripts/", "database/"], "name": "community-composition.sql", "ext": "sql", "branch": "master", "type": "file", "bus_factor": [{"knowledge": 100.0, "author": "Valerio"}]}, {"dirs": ["database/old-scripts/", "database/"], "name": "lb_label_avg_contributors.sql", "ext": "sql", "branch": "master", "type": "file", "bus_factor": [{"knowledge": 100.0, "author": "Javi"}]}, {"dirs": ["database/old-scripts/", "database/"], "name": "lb_label_count_resolution.sql", "ext": "sql", "branch": "master", "type": "file", "bus_factor": [{"knowledge": 100.0, "author": "Javi"}]}, {"dirs": ["database/old-scripts/", "database/"], "name": "lb_max_first_comment_user.sql", "ext": "sql", "branch": "master", "type": "file", "bus_factor": [{"knowledge": 100.0, "author": "Javi"}]}, {"dirs": ["database/old-scripts/", "database/"], "name": "lb_label_num_issues_solved.sql", "ext": "sql", "branch": "master", "type": "file", "bus_factor": [{"knowledge": 100.0, "author": "Javi"}]}, {"dirs": ["database/old-scripts/", "database/"], "name": "lb_num_first_comments_user.sql", "ext": "sql", "branch": "master", "type": "file", "bus_factor": [{"knowledge": 100.0, "author": "Javi"}]}, {"dirs": ["database/old-scripts/", "database/"], "name": "lb_user_label_collaboration.sql", "ext": "sql", "branch": "master", "type": "file", "bus_factor": [{"knowledge": 100.0, "author": "Javi"}]}, {"dirs": ["database/old-scripts/", "database/"], "name": "lb_max_first_response_collab.sql", "ext": "sql", "branch": "master", "type": "file", "bus_factor": [{"knowledge": 100.0, "author": "Javi"}]}, {"dirs": ["database/old-scripts/", "database/"], "name": "lb_num_first_comments_collab.sql", "ext": "sql", "branch": "master", "type": "file", "bus_factor": [{"knowledge": 100.0, "author": "Javi"}]}, {"dirs": ["database/old-scripts/", "database/"], "name": "label average resolution time.sql", "ext": "sql", "branch": "master", "type": "file", "bus_factor": [{"knowledge": 100.0, "author": "Javi"}]}, {"dirs": ["database/old-scripts/", "database/"], "name": "lb_label_avg_first_response_time.sql", "ext": "sql", "branch": "master", "type": "file", "bus_factor": [{"knowledge": 100.0, "author": "Javi"}]}, {"dirs": ["database/old-scripts/", "database/"], "name": "lb_num_created_label_issues_user.sql", "ext": "sql", "branch": "master", "type": "file", "bus_factor": [{"knowledge": 100.0, "author": "Javi"}]}, {"dirs": ["database/old-scripts/", "database/"], "name": "lb_count_user_label_collaboration.sql", "ext": "sql", "branch": "master", "type": "file", "bus_factor": [{"knowledge": 100.0, "author": "Javi"}]}, {"dirs": ["web-server/labelAnalysisServer/web/", "web-server/labelAnalysisServer/", "web-server/"], "name": "index.html", "ext": "html", "branch": "master", "type": "file", "bus_factor": [{"knowledge": 73.17, "author": "Javi"}]}, {"dirs": ["web-server/labelAnalysisServer/.settings/", "web-server/labelAnalysisServer/", "web-server/"], "name": ".jsdtscope", "ext": "jsdtscope", "branch": "master", "type": "file", "bus_factor": [{"knowledge": 100.0, "author": "Belen"}]}, {"dirs": ["web-server/labelAnalysisServer/labelAnalysisServer/", "web-server/labelAnalysisServer/", "web-server/"], "name": ".project", "ext": "project", "branch": "master", "type": "file", "bus_factor": [{"knowledge": 100.0, "author": "Belen"}]}, {"dirs": ["database/current-scripts/python/", "database/current-scripts/", "database/"], "name": "insert_statistics_for_labels.py", "ext": "py", "branch": "master", "type": "file", "bus_factor": [{"knowledge": 100.0, "author": "Valerio"}]}, {"dirs": ["web-server/labelAnalysisServer/.settings/", "web-server/labelAnalysisServer/", "web-server/"], "name": "org.eclipse.jdt.core.prefs", "ext": "prefs", "branch": "master", "type": "file", "bus_factor": [{"knowledge": 100.0, "author": "Belen"}]}, {"dirs": ["web-server/labelAnalysisServer/.settings/", "web-server/labelAnalysisServer/", "web-server/"], "name": "org.eclipse.wst.common.component", "ext": "component", "branch": "master", "type": "file", "bus_factor": [{"knowledge": 100.0, "author": "Belen"}]}, {"dirs": ["web-server/labelAnalysisServer/.settings/", "web-server/labelAnalysisServer/", "web-server/"], "name": "org.eclipse.wst.jsdt.ui.superType.name", "ext": "name", "branch": "master", "type": "file", "bus_factor": [{"knowledge": 100.0, "author": "Belen"}]}, {"dirs": ["web-server/labelAnalysisServer/.settings/", "web-server/labelAnalysisServer/", "web-server/"], "name": "org.eclipse.wst.jsdt.ui.superType.container", "ext": "container", "branch": "master", "type": "file", "bus_factor": [{"knowledge": 100.0, "author": "Belen"}]}, {"dirs": ["web-server/labelAnalysisServer/.settings/", "web-server/labelAnalysisServer/", "web-server/"], "name": "org.eclipse.wst.common.project.facet.core.xml", "ext": "xml", "branch": "master", "type": "file", "bus_factor": [{"knowledge": 100.0, "author": "Belen"}]}, {"dirs": ["web-server/labelAnalysisServer/web/data/", "web-server/labelAnalysisServer/web/", "web-server/labelAnalysisServer/", "web-server/"], "name": "rq3.csv", "ext": "csv", "branch": "master", "type": "file", "bus_factor": [{"knowledge": 100.0, "author": "Belen"}]}, {"dirs": ["web-server/labelAnalysisServer/web/data/", "web-server/labelAnalysisServer/web/", "web-server/labelAnalysisServer/", "web-server/"], "name": "data.txt", "ext": "txt", "branch": "master", "type": "file", "bus_factor": [{"knowledge": 100.0, "author": "Belen"}]}, {"dirs": ["web-server/labelAnalysisServer/web/WEB-INF/", "web-server/labelAnalysisServer/web/", "web-server/labelAnalysisServer/", "web-server/"], "name": "web.xml", "ext": "xml", "branch": "master", "type": "file", "bus_factor": [{"knowledge": 100.0, "author": "Belen"}]}, {"dirs": ["web-server/labelAnalysisServer/web/META-INF/", "web-server/labelAnalysisServer/web/", "web-server/labelAnalysisServer/", "web-server/"], "name": "MANIFEST.MF", "ext": "mf", "branch": "master", "type": "file", "bus_factor": [{"knowledge": 100.0, "author": "Belen"}]}, {"dirs": ["web-server/labelAnalysisServer/web/data/", "web-server/labelAnalysisServer/web/", "web-server/labelAnalysisServer/", "web-server/"], "name": "rq2feature_label.csv", "ext": "csv", "branch": "master", "type": "file", "bus_factor": [{"knowledge": 100.0, "author": "Belen"}]}, {"dirs": ["web-server/labelAnalysisServer/web/data/", "web-server/labelAnalysisServer/web/", "web-server/labelAnalysisServer/", "web-server/"], "name": "rq2feature_links.csv", "ext": "csv", "branch": "master", "type": "file", "bus_factor": [{"knowledge": 100.0, "author": "Belen"}]}, {"dirs": ["web-server/labelAnalysisServer/web/data/", "web-server/labelAnalysisServer/web/", "web-server/labelAnalysisServer/", "web-server/"], "name": "rq2feature_users.csv", "ext": "csv", "branch": "master", "type": "file", "bus_factor": [{"knowledge": 100.0, "author": "Belen"}]}, {"dirs": ["web-server/labelAnalysisServer/web/data/", "web-server/labelAnalysisServer/web/", "web-server/labelAnalysisServer/", "web-server/"], "name": "rq2feature_max_values.csv", "ext": "csv", "branch": "master", "type": "file", "bus_factor": [{"knowledge": 100.0, "author": "Belen"}]}, {"dirs": ["web-server/labelAnalysisServer/web/WEB-INF/lib/", "web-server/labelAnalysisServer/web/WEB-INF/", "web-server/labelAnalysisServer/web/", "web-server/labelAnalysisServer/", "web-server/"], "name": "javax.json-1.0.2.jar", "ext": "jar", "branch": "master", "type": "file", "bus_factor": [{"knowledge": 100.0, "author": "Belen"}]}, {"dirs": ["web-server/labelAnalysisServer/web/WEB-INF/lib/", "web-server/labelAnalysisServer/web/WEB-INF/", "web-server/labelAnalysisServer/web/", "web-server/labelAnalysisServer/", "web-server/"], "name": "mysql-connector-java-5.1.32-bin.jar", "ext": "jar", "branch": "master", "type": "file", "bus_factor": [{"knowledge": 100.0, "author": "Belen"}]}, {"dirs": ["web-server/labelAnalysisServer/src/fr/inria/atlanmod/labelanalysis/data/", "web-server/labelAnalysisServer/src/fr/inria/atlanmod/labelanalysis/", "web-server/labelAnalysisServer/src/fr/inria/atlanmod/", "web-server/labelAnalysisServer/src/fr/inria/", "web-server/labelAnalysisServer/src/fr/", "web-server/labelAnalysisServer/src/", "web-server/labelAnalysisServer/", "web-server/"], "name": "LabelDAO.java", "ext": "java", "branch": "master", "type": "file", "bus_factor": [{"knowledge": 99.27, "author": "Belen"}]}, {"dirs": ["web-server/labelAnalysisServer/src/fr/inria/atlanmod/labelanalysis/data/", "web-server/labelAnalysisServer/src/fr/inria/atlanmod/labelanalysis/", "web-server/labelAnalysisServer/src/fr/inria/atlanmod/", "web-server/labelAnalysisServer/src/fr/inria/", "web-server/labelAnalysisServer/src/fr/", "web-server/labelAnalysisServer/src/", "web-server/labelAnalysisServer/", "web-server/"], "name": "ProjectDAO.java", "ext": "java", "branch": "master", "type": "file", "bus_factor": [{"knowledge": 95.92, "author": "Belen"}]}, {"dirs": ["web-server/labelAnalysisServer/src/fr/inria/atlanmod/labelanalysis/model/", "web-server/labelAnalysisServer/src/fr/inria/atlanmod/labelanalysis/", "web-server/labelAnalysisServer/src/fr/inria/atlanmod/", "web-server/labelAnalysisServer/src/fr/inria/", "web-server/labelAnalysisServer/src/fr/", "web-server/labelAnalysisServer/src/", "web-server/labelAnalysisServer/", "web-server/"], "name": "LabelAnalyzer.java", "ext": "java", "branch": "master", "type": "file", "bus_factor": [{"knowledge": 88.26, "author": "Belen"}]}, {"dirs": ["web-server/labelAnalysisServer/src/fr/inria/atlanmod/labelanalysis/servlets/", "web-server/labelAnalysisServer/src/fr/inria/atlanmod/labelanalysis/", "web-server/labelAnalysisServer/src/fr/inria/atlanmod/", "web-server/labelAnalysisServer/src/fr/inria/", "web-server/labelAnalysisServer/src/fr/", "web-server/labelAnalysisServer/src/", "web-server/labelAnalysisServer/", "web-server/"], "name": "LabelAnalysisServlet.java", "ext": "java", "branch": "master", "type": "file", "bus_factor": [{"knowledge": 56.25, "author": "Belen"}, {"knowledge": 43.75, "author": "Valerio"}]}, {"dirs": ["web-server/labelAnalysisServer/src/fr/inria/atlanmod/labelanalysis/model/", "web-server/labelAnalysisServer/src/fr/inria/atlanmod/labelanalysis/", "web-server/labelAnalysisServer/src/fr/inria/atlanmod/", "web-server/labelAnalysisServer/src/fr/inria/", "web-server/labelAnalysisServer/src/fr/", "web-server/labelAnalysisServer/src/", "web-server/labelAnalysisServer/", "web-server/"], "name": "LabelAnalysisRequestHandler.java", "ext": "java", "branch": "master", "type": "file", "bus_factor": [{"knowledge": 92.21, "author": "Belen"}]}]}
